test_id,family,bucket,universe_version,timeframe,entry_timing,exit_horizon,cost_model,slippage_model,baseline_group,placebo_group,min_sample_requirement,fdr_wrc_spa_required,bucket_level_metrics_required,global_aggregate_allowed,row_scope,variant,bucket_level_metrics,approval_rule
DRBM_V2_PB_W20_3d_mega_large_cap,pullback_in_trend,mega_large_cap,daily_focus_universe_v2,1d,daily_close_pullback_to_W20,3d,daily_equity_cost_model_v1_bucket_specific,daily_bucket_liquidity_slippage_model_v1,same_bucket_same_trend_no_W20_pullback,same_bucket_random_W20_pullback_dates,120,True,True,False,bucket_test,W20,n|expectancy_r|win_rate|profit_factor|max_drawdown_r|coverage|cost_stress,DENIED_BUCKET_TEST_GLOBAL_AGGREGATE_CANNOT_APPROVE
DRBM_V2_PB_W20_5d_mega_large_cap,pullback_in_trend,mega_large_cap,daily_focus_universe_v2,1d,daily_close_pullback_to_W20,5d,daily_equity_cost_model_v1_bucket_specific,daily_bucket_liquidity_slippage_model_v1,same_bucket_same_trend_no_W20_pullback,same_bucket_random_W20_pullback_dates,120,True,True,False,bucket_test,W20,n|expectancy_r|win_rate|profit_factor|max_drawdown_r|coverage|cost_stress,DENIED_BUCKET_TEST_GLOBAL_AGGREGATE_CANNOT_APPROVE
DRBM_V2_PB_W20_10d_mega_large_cap,pullback_in_trend,mega_large_cap,daily_focus_universe_v2,1d,daily_close_pullback_to_W20,10d,daily_equity_cost_model_v1_bucket_specific,daily_bucket_liquidity_slippage_model_v1,same_bucket_same_trend_no_W20_pullback,same_bucket_random_W20_pullback_dates,120,True,True,False,bucket_test,W20,n|expectancy_r|win_rate|profit_factor|max_drawdown_r|coverage|cost_stress,DENIED_BUCKET_TEST_GLOBAL_AGGREGATE_CANNOT_APPROVE
DRBM_V2_PB_W20_20d_mega_large_cap,pullback_in_trend,mega_large_cap,daily_focus_universe_v2,1d,daily_close_pullback_to_W20,20d,daily_equity_cost_model_v1_bucket_specific,daily_bucket_liquidity_slippage_model_v1,same_bucket_same_trend_no_W20_pullback,same_bucket_random_W20_pullback_dates,120,True,True,False,bucket_test,W20,n|expectancy_r|win_rate|profit_factor|max_drawdown_r|coverage|cost_stress,DENIED_BUCKET_TEST_GLOBAL_AGGREGATE_CANNOT_APPROVE
DRBM_V2_PB_W50_3d_mega_large_cap,pullback_in_trend,mega_large_cap,daily_focus_universe_v2,1d,daily_close_pullback_to_W50,3d,daily_equity_cost_model_v1_bucket_specific,daily_bucket_liquidity_slippage_model_v1,same_bucket_same_trend_no_W50_pullback,same_bucket_random_W50_pullback_dates,120,True,True,False,bucket_test,W50,n|expectancy_r|win_rate|profit_factor|max_drawdown_r|coverage|cost_stress,DENIED_BUCKET_TEST_GLOBAL_AGGREGATE_CANNOT_APPROVE
DRBM_V2_PB_W50_5d_mega_large_cap,pullback_in_trend,mega_large_cap,daily_focus_universe_v2,1d,daily_close_pullback_to_W50,5d,daily_equity_cost_model_v1_bucket_specific,daily_bucket_liquidity_slippage_model_v1,same_bucket_same_trend_no_W50_pullback,same_bucket_random_W50_pullback_dates,120,True,True,False,bucket_test,W50,n|expectancy_r|win_rate|profit_factor|max_drawdown_r|coverage|cost_stress,DENIED_BUCKET_TEST_GLOBAL_AGGREGATE_CANNOT_APPROVE
DRBM_V2_PB_W50_10d_mega_large_cap,pullback_in_trend,mega_large_cap,daily_focus_universe_v2,1d,daily_close_pullback_to_W50,10d,daily_equity_cost_model_v1_bucket_specific,daily_bucket_liquidity_slippage_model_v1,same_bucket_same_trend_no_W50_pullback,same_bucket_random_W50_pullback_dates,120,True,True,False,bucket_test,W50,n|expectancy_r|win_rate|profit_factor|max_drawdown_r|coverage|cost_stress,DENIED_BUCKET_TEST_GLOBAL_AGGREGATE_CANNOT_APPROVE
DRBM_V2_PB_W50_20d_mega_large_cap,pullback_in_trend,mega_large_cap,daily_focus_universe_v2,1d,daily_close_pullback_to_W50,20d,daily_equity_cost_model_v1_bucket_specific,daily_bucket_liquidity_slippage_model_v1,same_bucket_same_trend_no_W50_pullback,same_bucket_random_W50_pullback_dates,120,True,True,False,bucket_test,W50,n|expectancy_r|win_rate|profit_factor|max_drawdown_r|coverage|cost_stress,DENIED_BUCKET_TEST_GLOBAL_AGGREGATE_CANNOT_APPROVE
DRBM_V2_PB_W100_3d_mega_large_cap,pullback_in_trend,mega_large_cap,daily_focus_universe_v2,1d,daily_close_pullback_to_W100,3d,daily_equity_cost_model_v1_bucket_specific,daily_bucket_liquidity_slippage_model_v1,same_bucket_same_trend_no_W100_pullback,same_bucket_random_W100_pullback_dates,120,True,True,False,bucket_test,W100,n|expectancy_r|win_rate|profit_factor|max_drawdown_r|coverage|cost_stress,DENIED_BUCKET_TEST_GLOBAL_AGGREGATE_CANNOT_APPROVE
DRBM_V2_PB_W100_5d_mega_large_cap,pullback_in_trend,mega_large_cap,daily_focus_universe_v2,1d,daily_close_pullback_to_W100,5d,daily_equity_cost_model_v1_bucket_specific,daily_bucket_liquidity_slippage_model_v1,same_bucket_same_trend_no_W100_pullback,same_bucket_random_W100_pullback_dates,120,True,True,False,bucket_test,W100,n|expectancy_r|win_rate|profit_factor|max_drawdown_r|coverage|cost_stress,DENIED_BUCKET_TEST_GLOBAL_AGGREGATE_CANNOT_APPROVE
DRBM_V2_PB_W100_10d_mega_large_cap,pullback_in_trend,mega_large_cap,daily_focus_universe_v2,1d,daily_close_pullback_to_W100,10d,daily_equity_cost_model_v1_bucket_specific,daily_bucket_liquidity_slippage_model_v1,same_bucket_same_trend_no_W100_pullback,same_bucket_random_W100_pullback_dates,120,True,True,False,bucket_test,W100,n|expectancy_r|win_rate|profit_factor|max_drawdown_r|coverage|cost_stress,DENIED_BUCKET_TEST_GLOBAL_AGGREGATE_CANNOT_APPROVE
DRBM_V2_PB_W100_20d_mega_large_cap,pullback_in_trend,mega_large_cap,daily_focus_universe_v2,1d,daily_close_pullback_to_W100,20d,daily_equity_cost_model_v1_bucket_specific,daily_bucket_liquidity_slippage_model_v1,same_bucket_same_trend_no_W100_pullback,same_bucket_random_W100_pullback_dates,120,True,True,False,bucket_test,W100,n|expectancy_r|win_rate|profit_factor|max_drawdown_r|coverage|cost_stress,DENIED_BUCKET_TEST_GLOBAL_AGGREGATE_CANNOT_APPROVE
DRBM_V2_GAP_same_day_close_mega_large_cap,gap_continuation_reversal_daily,mega_large_cap,daily_focus_universe_v2,1d,daily_gap_open_then_close_policy,same_day_close,daily_equity_cost_model_v1_bucket_specific,daily_bucket_liquidity_slippage_model_v1,same_day_bucket_matched_non_gap,same_bucket_random_gap_dates_same_regime,100,True,True,False,bucket_test,same_day_close,n|expectancy_r|win_rate|profit_factor|max_drawdown_r|coverage|cost_stress,DENIED_BUCKET_TEST_GLOBAL_AGGREGATE_CANNOT_APPROVE
DRBM_V2_GAP_next_day_close_mega_large_cap,gap_continuation_reversal_daily,mega_large_cap,daily_focus_universe_v2,1d,daily_gap_open_then_close_policy,next_day_close,daily_equity_cost_model_v1_bucket_specific,daily_bucket_liquidity_slippage_model_v1,next_day_bucket_matched_non_gap,same_bucket_random_gap_dates_same_regime,100,True,True,False,bucket_test,next_day_close,n|expectancy_r|win_rate|profit_factor|max_drawdown_r|coverage|cost_stress,DENIED_BUCKET_TEST_GLOBAL_AGGREGATE_CANNOT_APPROVE
DRBM_V2_GAP_3_day_follow_through_mega_large_cap,gap_continuation_reversal_daily,mega_large_cap,daily_focus_universe_v2,1d,daily_gap_open_then_close_policy,3d,daily_equity_cost_model_v1_bucket_specific,daily_bucket_liquidity_slippage_model_v1,three_day_bucket_matched_non_gap,same_bucket_random_gap_dates_same_regime,100,True,True,False,bucket_test,3_day_follow_through,n|expectancy_r|win_rate|profit_factor|max_drawdown_r|coverage|cost_stress,DENIED_BUCKET_TEST_GLOBAL_AGGREGATE_CANNOT_APPROVE
DRBM_V2_GAP_5_day_follow_through_mega_large_cap,gap_continuation_reversal_daily,mega_large_cap,daily_focus_universe_v2,1d,daily_gap_open_then_close_policy,5d,daily_equity_cost_model_v1_bucket_specific,daily_bucket_liquidity_slippage_model_v1,five_day_bucket_matched_non_gap,same_bucket_random_gap_dates_same_regime,100,True,True,False,bucket_test,5_day_follow_through,n|expectancy_r|win_rate|profit_factor|max_drawdown_r|coverage|cost_stress,DENIED_BUCKET_TEST_GLOBAL_AGGREGATE_CANNOT_APPROVE
DRBM_V2_VCB_mega_large_cap,volatility_contraction_breakout,mega_large_cap,daily_focus_universe_v2,1d,daily_close_breakout_confirmation,5d,daily_equity_cost_model_v1_bucket_specific,daily_bucket_liquidity_slippage_model_v1,same_bucket_non_contraction_breakouts,same_bucket_random_breakout_dates,80,True,True,False,bucket_test,contraction_window_breakout_confirmation_fakeout_controls,n|expectancy_r|win_rate|profit_factor|max_drawdown_r|coverage|cost_stress,DENIED_BUCKET_TEST_GLOBAL_AGGREGATE_CANNOT_APPROVE
DRBM_V2_RS_stock_vs_spy_mega_large_cap,relative_strength_sector_leadership,mega_large_cap,daily_focus_universe_v2,1d,daily_close_rs_stock_vs_spy,10d,daily_equity_cost_model_v1_bucket_specific,daily_bucket_liquidity_slippage_model_v1,same_bucket_rs_neutral_symbols,same_bucket_sector_shuffled_rs,100,True,True,False,bucket_test,stock_vs_spy,n|expectancy_r|win_rate|profit_factor|max_drawdown_r|coverage|cost_stress,DENIED_BUCKET_TEST_GLOBAL_AGGREGATE_CANNOT_APPROVE
DRBM_V2_RS_stock_vs_sector_etf_mega_large_cap,relative_strength_sector_leadership,mega_large_cap,daily_focus_universe_v2,1d,daily_close_rs_stock_vs_sector_etf,10d,daily_equity_cost_model_v1_bucket_specific,daily_bucket_liquidity_slippage_model_v1,same_bucket_rs_neutral_symbols,same_bucket_sector_shuffled_rs,100,True,True,False,bucket_test,stock_vs_sector_etf,n|expectancy_r|win_rate|profit_factor|max_drawdown_r|coverage|cost_stress,DENIED_BUCKET_TEST_GLOBAL_AGGREGATE_CANNOT_APPROVE
DRBM_V2_RS_sector_etf_vs_spy_mega_large_cap,relative_strength_sector_leadership,mega_large_cap,daily_focus_universe_v2,1d,daily_close_rs_sector_etf_vs_spy,10d,daily_equity_cost_model_v1_bucket_specific,daily_bucket_liquidity_slippage_model_v1,same_bucket_rs_neutral_symbols,same_bucket_sector_shuffled_rs,100,True,True,False,bucket_test,sector_etf_vs_spy,n|expectancy_r|win_rate|profit_factor|max_drawdown_r|coverage|cost_stress,DENIED_BUCKET_TEST_GLOBAL_AGGREGATE_CANNOT_APPROVE
DRBM_V2_PB_W20_3d_large_cap_core,pullback_in_trend,large_cap_core,daily_focus_universe_v2,1d,daily_close_pullback_to_W20,3d,daily_equity_cost_model_v1_bucket_specific,daily_bucket_liquidity_slippage_model_v1,same_bucket_same_trend_no_W20_pullback,same_bucket_random_W20_pullback_dates,120,True,True,False,bucket_test,W20,n|expectancy_r|win_rate|profit_factor|max_drawdown_r|coverage|cost_stress,DENIED_BUCKET_TEST_GLOBAL_AGGREGATE_CANNOT_APPROVE
DRBM_V2_PB_W20_5d_large_cap_core,pullback_in_trend,large_cap_core,daily_focus_universe_v2,1d,daily_close_pullback_to_W20,5d,daily_equity_cost_model_v1_bucket_specific,daily_bucket_liquidity_slippage_model_v1,same_bucket_same_trend_no_W20_pullback,same_bucket_random_W20_pullback_dates,120,True,True,False,bucket_test,W20,n|expectancy_r|win_rate|profit_factor|max_drawdown_r|coverage|cost_stress,DENIED_BUCKET_TEST_GLOBAL_AGGREGATE_CANNOT_APPROVE
DRBM_V2_PB_W20_10d_large_cap_core,pullback_in_trend,large_cap_core,daily_focus_universe_v2,1d,daily_close_pullback_to_W20,10d,daily_equity_cost_model_v1_bucket_specific,daily_bucket_liquidity_slippage_model_v1,same_bucket_same_trend_no_W20_pullback,same_bucket_random_W20_pullback_dates,120,True,True,False,bucket_test,W20,n|expectancy_r|win_rate|profit_factor|max_drawdown_r|coverage|cost_stress,DENIED_BUCKET_TEST_GLOBAL_AGGREGATE_CANNOT_APPROVE
DRBM_V2_PB_W20_20d_large_cap_core,pullback_in_trend,large_cap_core,daily_focus_universe_v2,1d,daily_close_pullback_to_W20,20d,daily_equity_cost_model_v1_bucket_specific,daily_bucket_liquidity_slippage_model_v1,same_bucket_same_trend_no_W20_pullback,same_bucket_random_W20_pullback_dates,120,True,True,False,bucket_test,W20,n|expectancy_r|win_rate|profit_factor|max_drawdown_r|coverage|cost_stress,DENIED_BUCKET_TEST_GLOBAL_AGGREGATE_CANNOT_APPROVE
DRBM_V2_PB_W50_3d_large_cap_core,pullback_in_trend,large_cap_core,daily_focus_universe_v2,1d,daily_close_pullback_to_W50,3d,daily_equity_cost_model_v1_bucket_specific,daily_bucket_liquidity_slippage_model_v1,same_bucket_same_trend_no_W50_pullback,same_bucket_random_W50_pullback_dates,120,True,True,False,bucket_test,W50,n|expectancy_r|win_rate|profit_factor|max_drawdown_r|coverage|cost_stress,DENIED_BUCKET_TEST_GLOBAL_AGGREGATE_CANNOT_APPROVE
DRBM_V2_PB_W50_5d_large_cap_core,pullback_in_trend,large_cap_core,daily_focus_universe_v2,1d,daily_close_pullback_to_W50,5d,daily_equity_cost_model_v1_bucket_specific,daily_bucket_liquidity_slippage_model_v1,same_bucket_same_trend_no_W50_pullback,same_bucket_random_W50_pullback_dates,120,True,True,False,bucket_test,W50,n|expectancy_r|win_rate|profit_factor|max_drawdown_r|coverage|cost_stress,DENIED_BUCKET_TEST_GLOBAL_AGGREGATE_CANNOT_APPROVE
DRBM_V2_PB_W50_10d_large_cap_core,pullback_in_trend,large_cap_core,daily_focus_universe_v2,1d,daily_close_pullback_to_W50,10d,daily_equity_cost_model_v1_bucket_specific,daily_bucket_liquidity_slippage_model_v1,same_bucket_same_trend_no_W50_pullback,same_bucket_random_W50_pullback_dates,120,True,True,False,bucket_test,W50,n|expectancy_r|win_rate|profit_factor|max_drawdown_r|coverage|cost_stress,DENIED_BUCKET_TEST_GLOBAL_AGGREGATE_CANNOT_APPROVE
DRBM_V2_PB_W50_20d_large_cap_core,pullback_in_trend,large_cap_core,daily_focus_universe_v2,1d,daily_close_pullback_to_W50,20d,daily_equity_cost_model_v1_bucket_specific,daily_bucket_liquidity_slippage_model_v1,same_bucket_same_trend_no_W50_pullback,same_bucket_random_W50_pullback_dates,120,True,True,False,bucket_test,W50,n|expectancy_r|win_rate|profit_factor|max_drawdown_r|coverage|cost_stress,DENIED_BUCKET_TEST_GLOBAL_AGGREGATE_CANNOT_APPROVE
DRBM_V2_PB_W100_3d_large_cap_core,pullback_in_trend,large_cap_core,daily_focus_universe_v2,1d,daily_close_pullback_to_W100,3d,daily_equity_cost_model_v1_bucket_specific,daily_bucket_liquidity_slippage_model_v1,same_bucket_same_trend_no_W100_pullback,same_bucket_random_W100_pullback_dates,120,True,True,False,bucket_test,W100,n|expectancy_r|win_rate|profit_factor|max_drawdown_r|coverage|cost_stress,DENIED_BUCKET_TEST_GLOBAL_AGGREGATE_CANNOT_APPROVE
DRBM_V2_PB_W100_5d_large_cap_core,pullback_in_trend,large_cap_core,daily_focus_universe_v2,1d,daily_close_pullback_to_W100,5d,daily_equity_cost_model_v1_bucket_specific,daily_bucket_liquidity_slippage_model_v1,same_bucket_same_trend_no_W100_pullback,same_bucket_random_W100_pullback_dates,120,True,True,False,bucket_test,W100,n|expectancy_r|win_rate|profit_factor|max_drawdown_r|coverage|cost_stress,DENIED_BUCKET_TEST_GLOBAL_AGGREGATE_CANNOT_APPROVE
DRBM_V2_PB_W100_10d_large_cap_core,pullback_in_trend,large_cap_core,daily_focus_universe_v2,1d,daily_close_pullback_to_W100,10d,daily_equity_cost_model_v1_bucket_specific,daily_bucket_liquidity_slippage_model_v1,same_bucket_same_trend_no_W100_pullback,same_bucket_random_W100_pullback_dates,120,True,True,False,bucket_test,W100,n|expectancy_r|win_rate|profit_factor|max_drawdown_r|coverage|cost_stress,DENIED_BUCKET_TEST_GLOBAL_AGGREGATE_CANNOT_APPROVE
DRBM_V2_PB_W100_20d_large_cap_core,pullback_in_trend,large_cap_core,daily_focus_universe_v2,1d,daily_close_pullback_to_W100,20d,daily_equity_cost_model_v1_bucket_specific,daily_bucket_liquidity_slippage_model_v1,same_bucket_same_trend_no_W100_pullback,same_bucket_random_W100_pullback_dates,120,True,True,False,bucket_test,W100,n|expectancy_r|win_rate|profit_factor|max_drawdown_r|coverage|cost_stress,DENIED_BUCKET_TEST_GLOBAL_AGGREGATE_CANNOT_APPROVE
DRBM_V2_GAP_same_day_close_large_cap_core,gap_continuation_reversal_daily,large_cap_core,daily_focus_universe_v2,1d,daily_gap_open_then_close_policy,same_day_close,daily_equity_cost_model_v1_bucket_specific,daily_bucket_liquidity_slippage_model_v1,same_day_bucket_matched_non_gap,same_bucket_random_gap_dates_same_regime,100,True,True,False,bucket_test,same_day_close,n|expectancy_r|win_rate|profit_factor|max_drawdown_r|coverage|cost_stress,DENIED_BUCKET_TEST_GLOBAL_AGGREGATE_CANNOT_APPROVE
DRBM_V2_GAP_next_day_close_large_cap_core,gap_continuation_reversal_daily,large_cap_core,daily_focus_universe_v2,1d,daily_gap_open_then_close_policy,next_day_close,daily_equity_cost_model_v1_bucket_specific,daily_bucket_liquidity_slippage_model_v1,next_day_bucket_matched_non_gap,same_bucket_random_gap_dates_same_regime,100,True,True,False,bucket_test,next_day_close,n|expectancy_r|win_rate|profit_factor|max_drawdown_r|coverage|cost_stress,DENIED_BUCKET_TEST_GLOBAL_AGGREGATE_CANNOT_APPROVE
DRBM_V2_GAP_3_day_follow_through_large_cap_core,gap_continuation_reversal_daily,large_cap_core,daily_focus_universe_v2,1d,daily_gap_open_then_close_policy,3d,daily_equity_cost_model_v1_bucket_specific,daily_bucket_liquidity_slippage_model_v1,three_day_bucket_matched_non_gap,same_bucket_random_gap_dates_same_regime,100,True,True,False,bucket_test,3_day_follow_through,n|expectancy_r|win_rate|profit_factor|max_drawdown_r|coverage|cost_stress,DENIED_BUCKET_TEST_GLOBAL_AGGREGATE_CANNOT_APPROVE
DRBM_V2_GAP_5_day_follow_through_large_cap_core,gap_continuation_reversal_daily,large_cap_core,daily_focus_universe_v2,1d,daily_gap_open_then_close_policy,5d,daily_equity_cost_model_v1_bucket_specific,daily_bucket_liquidity_slippage_model_v1,five_day_bucket_matched_non_gap,same_bucket_random_gap_dates_same_regime,100,True,True,False,bucket_test,5_day_follow_through,n|expectancy_r|win_rate|profit_factor|max_drawdown_r|coverage|cost_stress,DENIED_BUCKET_TEST_GLOBAL_AGGREGATE_CANNOT_APPROVE
DRBM_V2_VCB_large_cap_core,volatility_contraction_breakout,large_cap_core,daily_focus_universe_v2,1d,daily_close_breakout_confirmation,5d,daily_equity_cost_model_v1_bucket_specific,daily_bucket_liquidity_slippage_model_v1,same_bucket_non_contraction_breakouts,same_bucket_random_breakout_dates,80,True,True,False,bucket_test,contraction_window_breakout_confirmation_fakeout_controls,n|expectancy_r|win_rate|profit_factor|max_drawdown_r|coverage|cost_stress,DENIED_BUCKET_TEST_GLOBAL_AGGREGATE_CANNOT_APPROVE
DRBM_V2_RS_stock_vs_spy_large_cap_core,relative_strength_sector_leadership,large_cap_core,daily_focus_universe_v2,1d,daily_close_rs_stock_vs_spy,10d,daily_equity_cost_model_v1_bucket_specific,daily_bucket_liquidity_slippage_model_v1,same_bucket_rs_neutral_symbols,same_bucket_sector_shuffled_rs,100,True,True,False,bucket_test,stock_vs_spy,n|expectancy_r|win_rate|profit_factor|max_drawdown_r|coverage|cost_stress,DENIED_BUCKET_TEST_GLOBAL_AGGREGATE_CANNOT_APPROVE
DRBM_V2_RS_stock_vs_sector_etf_large_cap_core,relative_strength_sector_leadership,large_cap_core,daily_focus_universe_v2,1d,daily_close_rs_stock_vs_sector_etf,10d,daily_equity_cost_model_v1_bucket_specific,daily_bucket_liquidity_slippage_model_v1,same_bucket_rs_neutral_symbols,same_bucket_sector_shuffled_rs,100,True,True,False,bucket_test,stock_vs_sector_etf,n|expectancy_r|win_rate|profit_factor|max_drawdown_r|coverage|cost_stress,DENIED_BUCKET_TEST_GLOBAL_AGGREGATE_CANNOT_APPROVE
DRBM_V2_RS_sector_etf_vs_spy_large_cap_core,relative_strength_sector_leadership,large_cap_core,daily_focus_universe_v2,1d,daily_close_rs_sector_etf_vs_spy,10d,daily_equity_cost_model_v1_bucket_specific,daily_bucket_liquidity_slippage_model_v1,same_bucket_rs_neutral_symbols,same_bucket_sector_shuffled_rs,100,True,True,False,bucket_test,sector_etf_vs_spy,n|expectancy_r|win_rate|profit_factor|max_drawdown_r|coverage|cost_stress,DENIED_BUCKET_TEST_GLOBAL_AGGREGATE_CANNOT_APPROVE
DRBM_V2_PB_W20_3d_liquid_mid_cap,pullback_in_trend,liquid_mid_cap,daily_focus_universe_v2,1d,daily_close_pullback_to_W20,3d,daily_equity_cost_model_v1_bucket_specific,daily_bucket_liquidity_slippage_model_v1,same_bucket_same_trend_no_W20_pullback,same_bucket_random_W20_pullback_dates,120,True,True,False,bucket_test,W20,n|expectancy_r|win_rate|profit_factor|max_drawdown_r|coverage|cost_stress,DENIED_BUCKET_TEST_GLOBAL_AGGREGATE_CANNOT_APPROVE
DRBM_V2_PB_W20_5d_liquid_mid_cap,pullback_in_trend,liquid_mid_cap,daily_focus_universe_v2,1d,daily_close_pullback_to_W20,5d,daily_equity_cost_model_v1_bucket_specific,daily_bucket_liquidity_slippage_model_v1,same_bucket_same_trend_no_W20_pullback,same_bucket_random_W20_pullback_dates,120,True,True,False,bucket_test,W20,n|expectancy_r|win_rate|profit_factor|max_drawdown_r|coverage|cost_stress,DENIED_BUCKET_TEST_GLOBAL_AGGREGATE_CANNOT_APPROVE
DRBM_V2_PB_W20_10d_liquid_mid_cap,pullback_in_trend,liquid_mid_cap,daily_focus_universe_v2,1d,daily_close_pullback_to_W20,10d,daily_equity_cost_model_v1_bucket_specific,daily_bucket_liquidity_slippage_model_v1,same_bucket_same_trend_no_W20_pullback,same_bucket_random_W20_pullback_dates,120,True,True,False,bucket_test,W20,n|expectancy_r|win_rate|profit_factor|max_drawdown_r|coverage|cost_stress,DENIED_BUCKET_TEST_GLOBAL_AGGREGATE_CANNOT_APPROVE
DRBM_V2_PB_W20_20d_liquid_mid_cap,pullback_in_trend,liquid_mid_cap,daily_focus_universe_v2,1d,daily_close_pullback_to_W20,20d,daily_equity_cost_model_v1_bucket_specific,daily_bucket_liquidity_slippage_model_v1,same_bucket_same_trend_no_W20_pullback,same_bucket_random_W20_pullback_dates,120,True,True,False,bucket_test,W20,n|expectancy_r|win_rate|profit_factor|max_drawdown_r|coverage|cost_stress,DENIED_BUCKET_TEST_GLOBAL_AGGREGATE_CANNOT_APPROVE
DRBM_V2_PB_W50_3d_liquid_mid_cap,pullback_in_trend,liquid_mid_cap,daily_focus_universe_v2,1d,daily_close_pullback_to_W50,3d,daily_equity_cost_model_v1_bucket_specific,daily_bucket_liquidity_slippage_model_v1,same_bucket_same_trend_no_W50_pullback,same_bucket_random_W50_pullback_dates,120,True,True,False,bucket_test,W50,n|expectancy_r|win_rate|profit_factor|max_drawdown_r|coverage|cost_stress,DENIED_BUCKET_TEST_GLOBAL_AGGREGATE_CANNOT_APPROVE
DRBM_V2_PB_W50_5d_liquid_mid_cap,pullback_in_trend,liquid_mid_cap,daily_focus_universe_v2,1d,daily_close_pullback_to_W50,5d,daily_equity_cost_model_v1_bucket_specific,daily_bucket_liquidity_slippage_model_v1,same_bucket_same_trend_no_W50_pullback,same_bucket_random_W50_pullback_dates,120,True,True,False,bucket_test,W50,n|expectancy_r|win_rate|profit_factor|max_drawdown_r|coverage|cost_stress,DENIED_BUCKET_TEST_GLOBAL_AGGREGATE_CANNOT_APPROVE
DRBM_V2_PB_W50_10d_liquid_mid_cap,pullback_in_trend,liquid_mid_cap,daily_focus_universe_v2,1d,daily_close_pullback_to_W50,10d,daily_equity_cost_model_v1_bucket_specific,daily_bucket_liquidity_slippage_model_v1,same_bucket_same_trend_no_W50_pullback,same_bucket_random_W50_pullback_dates,120,True,True,False,bucket_test,W50,n|expectancy_r|win_rate|profit_factor|max_drawdown_r|coverage|cost_stress,DENIED_BUCKET_TEST_GLOBAL_AGGREGATE_CANNOT_APPROVE
DRBM_V2_PB_W50_20d_liquid_mid_cap,pullback_in_trend,liquid_mid_cap,daily_focus_universe_v2,1d,daily_close_pullback_to_W50,20d,daily_equity_cost_model_v1_bucket_specific,daily_bucket_liquidity_slippage_model_v1,same_bucket_same_trend_no_W50_pullback,same_bucket_random_W50_pullback_dates,120,True,True,False,bucket_test,W50,n|expectancy_r|win_rate|profit_factor|max_drawdown_r|coverage|cost_stress,DENIED_BUCKET_TEST_GLOBAL_AGGREGATE_CANNOT_APPROVE
DRBM_V2_PB_W100_3d_liquid_mid_cap,pullback_in_trend,liquid_mid_cap,daily_focus_universe_v2,1d,daily_close_pullback_to_W100,3d,daily_equity_cost_model_v1_bucket_specific,daily_bucket_liquidity_slippage_model_v1,same_bucket_same_trend_no_W100_pullback,same_bucket_random_W100_pullback_dates,120,True,True,False,bucket_test,W100,n|expectancy_r|win_rate|profit_factor|max_drawdown_r|coverage|cost_stress,DENIED_BUCKET_TEST_GLOBAL_AGGREGATE_CANNOT_APPROVE
DRBM_V2_PB_W100_5d_liquid_mid_cap,pullback_in_trend,liquid_mid_cap,daily_focus_universe_v2,1d,daily_close_pullback_to_W100,5d,daily_equity_cost_model_v1_bucket_specific,daily_bucket_liquidity_slippage_model_v1,same_bucket_same_trend_no_W100_pullback,same_bucket_random_W100_pullback_dates,120,True,True,False,bucket_test,W100,n|expectancy_r|win_rate|profit_factor|max_drawdown_r|coverage|cost_stress,DENIED_BUCKET_TEST_GLOBAL_AGGREGATE_CANNOT_APPROVE
DRBM_V2_PB_W100_10d_liquid_mid_cap,pullback_in_trend,liquid_mid_cap,daily_focus_universe_v2,1d,daily_close_pullback_to_W100,10d,daily_equity_cost_model_v1_bucket_specific,daily_bucket_liquidity_slippage_model_v1,same_bucket_same_trend_no_W100_pullback,same_bucket_random_W100_pullback_dates,120,True,True,False,bucket_test,W100,n|expectancy_r|win_rate|profit_factor|max_drawdown_r|coverage|cost_stress,DENIED_BUCKET_TEST_GLOBAL_AGGREGATE_CANNOT_APPROVE
DRBM_V2_PB_W100_20d_liquid_mid_cap,pullback_in_trend,liquid_mid_cap,daily_focus_universe_v2,1d,daily_close_pullback_to_W100,20d,daily_equity_cost_model_v1_bucket_specific,daily_bucket_liquidity_slippage_model_v1,same_bucket_same_trend_no_W100_pullback,same_bucket_random_W100_pullback_dates,120,True,True,False,bucket_test,W100,n|expectancy_r|win_rate|profit_factor|max_drawdown_r|coverage|cost_stress,DENIED_BUCKET_TEST_GLOBAL_AGGREGATE_CANNOT_APPROVE
DRBM_V2_GAP_same_day_close_liquid_mid_cap,gap_continuation_reversal_daily,liquid_mid_cap,daily_focus_universe_v2,1d,daily_gap_open_then_close_policy,same_day_close,daily_equity_cost_model_v1_bucket_specific,daily_bucket_liquidity_slippage_model_v1,same_day_bucket_matched_non_gap,same_bucket_random_gap_dates_same_regime,100,True,True,False,bucket_test,same_day_close,n|expectancy_r|win_rate|profit_factor|max_drawdown_r|coverage|cost_stress,DENIED_BUCKET_TEST_GLOBAL_AGGREGATE_CANNOT_APPROVE
DRBM_V2_GAP_next_day_close_liquid_mid_cap,gap_continuation_reversal_daily,liquid_mid_cap,daily_focus_universe_v2,1d,daily_gap_open_then_close_policy,next_day_close,daily_equity_cost_model_v1_bucket_specific,daily_bucket_liquidity_slippage_model_v1,next_day_bucket_matched_non_gap,same_bucket_random_gap_dates_same_regime,100,True,True,False,bucket_test,next_day_close,n|expectancy_r|win_rate|profit_factor|max_drawdown_r|coverage|cost_stress,DENIED_BUCKET_TEST_GLOBAL_AGGREGATE_CANNOT_APPROVE
DRBM_V2_GAP_3_day_follow_through_liquid_mid_cap,gap_continuation_reversal_daily,liquid_mid_cap,daily_focus_universe_v2,1d,daily_gap_open_then_close_policy,3d,daily_equity_cost_model_v1_bucket_specific,daily_bucket_liquidity_slippage_model_v1,three_day_bucket_matched_non_gap,same_bucket_random_gap_dates_same_regime,100,True,True,False,bucket_test,3_day_follow_through,n|expectancy_r|win_rate|profit_factor|max_drawdown_r|coverage|cost_stress,DENIED_BUCKET_TEST_GLOBAL_AGGREGATE_CANNOT_APPROVE
DRBM_V2_GAP_5_day_follow_through_liquid_mid_cap,gap_continuation_reversal_daily,liquid_mid_cap,daily_focus_universe_v2,1d,daily_gap_open_then_close_policy,5d,daily_equity_cost_model_v1_bucket_specific,daily_bucket_liquidity_slippage_model_v1,five_day_bucket_matched_non_gap,same_bucket_random_gap_dates_same_regime,100,True,True,False,bucket_test,5_day_follow_through,n|expectancy_r|win_rate|profit_factor|max_drawdown_r|coverage|cost_stress,DENIED_BUCKET_TEST_GLOBAL_AGGREGATE_CANNOT_APPROVE
DRBM_V2_VCB_liquid_mid_cap,volatility_contraction_breakout,liquid_mid_cap,daily_focus_universe_v2,1d,daily_close_breakout_confirmation,5d,daily_equity_cost_model_v1_bucket_specific,daily_bucket_liquidity_slippage_model_v1,same_bucket_non_contraction_breakouts,same_bucket_random_breakout_dates,80,True,True,False,bucket_test,contraction_window_breakout_confirmation_fakeout_controls,n|expectancy_r|win_rate|profit_factor|max_drawdown_r|coverage|cost_stress,DENIED_BUCKET_TEST_GLOBAL_AGGREGATE_CANNOT_APPROVE
DRBM_V2_RS_stock_vs_spy_liquid_mid_cap,relative_strength_sector_leadership,liquid_mid_cap,daily_focus_universe_v2,1d,daily_close_rs_stock_vs_spy,10d,daily_equity_cost_model_v1_bucket_specific,daily_bucket_liquidity_slippage_model_v1,same_bucket_rs_neutral_symbols,same_bucket_sector_shuffled_rs,100,True,True,False,bucket_test,stock_vs_spy,n|expectancy_r|win_rate|profit_factor|max_drawdown_r|coverage|cost_stress,DENIED_BUCKET_TEST_GLOBAL_AGGREGATE_CANNOT_APPROVE
DRBM_V2_RS_stock_vs_sector_etf_liquid_mid_cap,relative_strength_sector_leadership,liquid_mid_cap,daily_focus_universe_v2,1d,daily_close_rs_stock_vs_sector_etf,10d,daily_equity_cost_model_v1_bucket_specific,daily_bucket_liquidity_slippage_model_v1,same_bucket_rs_neutral_symbols,same_bucket_sector_shuffled_rs,100,True,True,False,bucket_test,stock_vs_sector_etf,n|expectancy_r|win_rate|profit_factor|max_drawdown_r|coverage|cost_stress,DENIED_BUCKET_TEST_GLOBAL_AGGREGATE_CANNOT_APPROVE
DRBM_V2_RS_sector_etf_vs_spy_liquid_mid_cap,relative_strength_sector_leadership,liquid_mid_cap,daily_focus_universe_v2,1d,daily_close_rs_sector_etf_vs_spy,10d,daily_equity_cost_model_v1_bucket_specific,daily_bucket_liquidity_slippage_model_v1,same_bucket_rs_neutral_symbols,same_bucket_sector_shuffled_rs,100,True,True,False,bucket_test,sector_etf_vs_spy,n|expectancy_r|win_rate|profit_factor|max_drawdown_r|coverage|cost_stress,DENIED_BUCKET_TEST_GLOBAL_AGGREGATE_CANNOT_APPROVE
DRBM_V2_PB_W20_3d_liquid_small_cap,pullback_in_trend,liquid_small_cap,daily_focus_universe_v2,1d,daily_close_pullback_to_W20,3d,daily_equity_cost_model_v1_bucket_specific,daily_bucket_liquidity_slippage_model_v1,same_bucket_same_trend_no_W20_pullback,same_bucket_random_W20_pullback_dates,120,True,True,False,bucket_test,W20,n|expectancy_r|win_rate|profit_factor|max_drawdown_r|coverage|cost_stress,DENIED_BUCKET_TEST_GLOBAL_AGGREGATE_CANNOT_APPROVE
DRBM_V2_PB_W20_5d_liquid_small_cap,pullback_in_trend,liquid_small_cap,daily_focus_universe_v2,1d,daily_close_pullback_to_W20,5d,daily_equity_cost_model_v1_bucket_specific,daily_bucket_liquidity_slippage_model_v1,same_bucket_same_trend_no_W20_pullback,same_bucket_random_W20_pullback_dates,120,True,True,False,bucket_test,W20,n|expectancy_r|win_rate|profit_factor|max_drawdown_r|coverage|cost_stress,DENIED_BUCKET_TEST_GLOBAL_AGGREGATE_CANNOT_APPROVE
DRBM_V2_PB_W20_10d_liquid_small_cap,pullback_in_trend,liquid_small_cap,daily_focus_universe_v2,1d,daily_close_pullback_to_W20,10d,daily_equity_cost_model_v1_bucket_specific,daily_bucket_liquidity_slippage_model_v1,same_bucket_same_trend_no_W20_pullback,same_bucket_random_W20_pullback_dates,120,True,True,False,bucket_test,W20,n|expectancy_r|win_rate|profit_factor|max_drawdown_r|coverage|cost_stress,DENIED_BUCKET_TEST_GLOBAL_AGGREGATE_CANNOT_APPROVE
DRBM_V2_PB_W20_20d_liquid_small_cap,pullback_in_trend,liquid_small_cap,daily_focus_universe_v2,1d,daily_close_pullback_to_W20,20d,daily_equity_cost_model_v1_bucket_specific,daily_bucket_liquidity_slippage_model_v1,same_bucket_same_trend_no_W20_pullback,same_bucket_random_W20_pullback_dates,120,True,True,False,bucket_test,W20,n|expectancy_r|win_rate|profit_factor|max_drawdown_r|coverage|cost_stress,DENIED_BUCKET_TEST_GLOBAL_AGGREGATE_CANNOT_APPROVE
DRBM_V2_PB_W50_3d_liquid_small_cap,pullback_in_trend,liquid_small_cap,daily_focus_universe_v2,1d,daily_close_pullback_to_W50,3d,daily_equity_cost_model_v1_bucket_specific,daily_bucket_liquidity_slippage_model_v1,same_bucket_same_trend_no_W50_pullback,same_bucket_random_W50_pullback_dates,120,True,True,False,bucket_test,W50,n|expectancy_r|win_rate|profit_factor|max_drawdown_r|coverage|cost_stress,DENIED_BUCKET_TEST_GLOBAL_AGGREGATE_CANNOT_APPROVE
DRBM_V2_PB_W50_5d_liquid_small_cap,pullback_in_trend,liquid_small_cap,daily_focus_universe_v2,1d,daily_close_pullback_to_W50,5d,daily_equity_cost_model_v1_bucket_specific,daily_bucket_liquidity_slippage_model_v1,same_bucket_same_trend_no_W50_pullback,same_bucket_random_W50_pullback_dates,120,True,True,False,bucket_test,W50,n|expectancy_r|win_rate|profit_factor|max_drawdown_r|coverage|cost_stress,DENIED_BUCKET_TEST_GLOBAL_AGGREGATE_CANNOT_APPROVE
DRBM_V2_PB_W50_10d_liquid_small_cap,pullback_in_trend,liquid_small_cap,daily_focus_universe_v2,1d,daily_close_pullback_to_W50,10d,daily_equity_cost_model_v1_bucket_specific,daily_bucket_liquidity_slippage_model_v1,same_bucket_same_trend_no_W50_pullback,same_bucket_random_W50_pullback_dates,120,True,True,False,bucket_test,W50,n|expectancy_r|win_rate|profit_factor|max_drawdown_r|coverage|cost_stress,DENIED_BUCKET_TEST_GLOBAL_AGGREGATE_CANNOT_APPROVE
DRBM_V2_PB_W50_20d_liquid_small_cap,pullback_in_trend,liquid_small_cap,daily_focus_universe_v2,1d,daily_close_pullback_to_W50,20d,daily_equity_cost_model_v1_bucket_specific,daily_bucket_liquidity_slippage_model_v1,same_bucket_same_trend_no_W50_pullback,same_bucket_random_W50_pullback_dates,120,True,True,False,bucket_test,W50,n|expectancy_r|win_rate|profit_factor|max_drawdown_r|coverage|cost_stress,DENIED_BUCKET_TEST_GLOBAL_AGGREGATE_CANNOT_APPROVE
DRBM_V2_PB_W100_3d_liquid_small_cap,pullback_in_trend,liquid_small_cap,daily_focus_universe_v2,1d,daily_close_pullback_to_W100,3d,daily_equity_cost_model_v1_bucket_specific,daily_bucket_liquidity_slippage_model_v1,same_bucket_same_trend_no_W100_pullback,same_bucket_random_W100_pullback_dates,120,True,True,False,bucket_test,W100,n|expectancy_r|win_rate|profit_factor|max_drawdown_r|coverage|cost_stress,DENIED_BUCKET_TEST_GLOBAL_AGGREGATE_CANNOT_APPROVE
DRBM_V2_PB_W100_5d_liquid_small_cap,pullback_in_trend,liquid_small_cap,daily_focus_universe_v2,1d,daily_close_pullback_to_W100,5d,daily_equity_cost_model_v1_bucket_specific,daily_bucket_liquidity_slippage_model_v1,same_bucket_same_trend_no_W100_pullback,same_bucket_random_W100_pullback_dates,120,True,True,False,bucket_test,W100,n|expectancy_r|win_rate|profit_factor|max_drawdown_r|coverage|cost_stress,DENIED_BUCKET_TEST_GLOBAL_AGGREGATE_CANNOT_APPROVE
DRBM_V2_PB_W100_10d_liquid_small_cap,pullback_in_trend,liquid_small_cap,daily_focus_universe_v2,1d,daily_close_pullback_to_W100,10d,daily_equity_cost_model_v1_bucket_specific,daily_bucket_liquidity_slippage_model_v1,same_bucket_same_trend_no_W100_pullback,same_bucket_random_W100_pullback_dates,120,True,True,False,bucket_test,W100,n|expectancy_r|win_rate|profit_factor|max_drawdown_r|coverage|cost_stress,DENIED_BUCKET_TEST_GLOBAL_AGGREGATE_CANNOT_APPROVE
DRBM_V2_PB_W100_20d_liquid_small_cap,pullback_in_trend,liquid_small_cap,daily_focus_universe_v2,1d,daily_close_pullback_to_W100,20d,daily_equity_cost_model_v1_bucket_specific,daily_bucket_liquidity_slippage_model_v1,same_bucket_same_trend_no_W100_pullback,same_bucket_random_W100_pullback_dates,120,True,True,False,bucket_test,W100,n|expectancy_r|win_rate|profit_factor|max_drawdown_r|coverage|cost_stress,DENIED_BUCKET_TEST_GLOBAL_AGGREGATE_CANNOT_APPROVE
DRBM_V2_GAP_same_day_close_liquid_small_cap,gap_continuation_reversal_daily,liquid_small_cap,daily_focus_universe_v2,1d,daily_gap_open_then_close_policy,same_day_close,daily_equity_cost_model_v1_bucket_specific,daily_bucket_liquidity_slippage_model_v1,same_day_bucket_matched_non_gap,same_bucket_random_gap_dates_same_regime,100,True,True,False,bucket_test,same_day_close,n|expectancy_r|win_rate|profit_factor|max_drawdown_r|coverage|cost_stress,DENIED_BUCKET_TEST_GLOBAL_AGGREGATE_CANNOT_APPROVE
DRBM_V2_GAP_next_day_close_liquid_small_cap,gap_continuation_reversal_daily,liquid_small_cap,daily_focus_universe_v2,1d,daily_gap_open_then_close_policy,next_day_close,daily_equity_cost_model_v1_bucket_specific,daily_bucket_liquidity_slippage_model_v1,next_day_bucket_matched_non_gap,same_bucket_random_gap_dates_same_regime,100,True,True,False,bucket_test,next_day_close,n|expectancy_r|win_rate|profit_factor|max_drawdown_r|coverage|cost_stress,DENIED_BUCKET_TEST_GLOBAL_AGGREGATE_CANNOT_APPROVE
DRBM_V2_GAP_3_day_follow_through_liquid_small_cap,gap_continuation_reversal_daily,liquid_small_cap,daily_focus_universe_v2,1d,daily_gap_open_then_close_policy,3d,daily_equity_cost_model_v1_bucket_specific,daily_bucket_liquidity_slippage_model_v1,three_day_bucket_matched_non_gap,same_bucket_random_gap_dates_same_regime,100,True,True,False,bucket_test,3_day_follow_through,n|expectancy_r|win_rate|profit_factor|max_drawdown_r|coverage|cost_stress,DENIED_BUCKET_TEST_GLOBAL_AGGREGATE_CANNOT_APPROVE
DRBM_V2_GAP_5_day_follow_through_liquid_small_cap,gap_continuation_reversal_daily,liquid_small_cap,daily_focus_universe_v2,1d,daily_gap_open_then_close_policy,5d,daily_equity_cost_model_v1_bucket_specific,daily_bucket_liquidity_slippage_model_v1,five_day_bucket_matched_non_gap,same_bucket_random_gap_dates_same_regime,100,True,True,False,bucket_test,5_day_follow_through,n|expectancy_r|win_rate|profit_factor|max_drawdown_r|coverage|cost_stress,DENIED_BUCKET_TEST_GLOBAL_AGGREGATE_CANNOT_APPROVE
DRBM_V2_VCB_liquid_small_cap,volatility_contraction_breakout,liquid_small_cap,daily_focus_universe_v2,1d,daily_close_breakout_confirmation,5d,daily_equity_cost_model_v1_bucket_specific,daily_bucket_liquidity_slippage_model_v1,same_bucket_non_contraction_breakouts,same_bucket_random_breakout_dates,80,True,True,False,bucket_test,contraction_window_breakout_confirmation_fakeout_controls,n|expectancy_r|win_rate|profit_factor|max_drawdown_r|coverage|cost_stress,DENIED_BUCKET_TEST_GLOBAL_AGGREGATE_CANNOT_APPROVE
DRBM_V2_RS_stock_vs_spy_liquid_small_cap,relative_strength_sector_leadership,liquid_small_cap,daily_focus_universe_v2,1d,daily_close_rs_stock_vs_spy,10d,daily_equity_cost_model_v1_bucket_specific,daily_bucket_liquidity_slippage_model_v1,same_bucket_rs_neutral_symbols,same_bucket_sector_shuffled_rs,100,True,True,False,bucket_test,stock_vs_spy,n|expectancy_r|win_rate|profit_factor|max_drawdown_r|coverage|cost_stress,DENIED_BUCKET_TEST_GLOBAL_AGGREGATE_CANNOT_APPROVE
DRBM_V2_RS_stock_vs_sector_etf_liquid_small_cap,relative_strength_sector_leadership,liquid_small_cap,daily_focus_universe_v2,1d,daily_close_rs_stock_vs_sector_etf,10d,daily_equity_cost_model_v1_bucket_specific,daily_bucket_liquidity_slippage_model_v1,same_bucket_rs_neutral_symbols,same_bucket_sector_shuffled_rs,100,True,True,False,bucket_test,stock_vs_sector_etf,n|expectancy_r|win_rate|profit_factor|max_drawdown_r|coverage|cost_stress,DENIED_BUCKET_TEST_GLOBAL_AGGREGATE_CANNOT_APPROVE
DRBM_V2_RS_sector_etf_vs_spy_liquid_small_cap,relative_strength_sector_leadership,liquid_small_cap,daily_focus_universe_v2,1d,daily_close_rs_sector_etf_vs_spy,10d,daily_equity_cost_model_v1_bucket_specific,daily_bucket_liquidity_slippage_model_v1,same_bucket_rs_neutral_symbols,same_bucket_sector_shuffled_rs,100,True,True,False,bucket_test,sector_etf_vs_spy,n|expectancy_r|win_rate|profit_factor|max_drawdown_r|coverage|cost_stress,DENIED_BUCKET_TEST_GLOBAL_AGGREGATE_CANNOT_APPROVE
DRBM_V2_PB_W20_3d_high_beta_growth,pullback_in_trend,high_beta_growth,daily_focus_universe_v2,1d,daily_close_pullback_to_W20,3d,daily_equity_cost_model_v1_bucket_specific,daily_bucket_liquidity_slippage_model_v1,same_bucket_same_trend_no_W20_pullback,same_bucket_random_W20_pullback_dates,120,True,True,False,bucket_test,W20,n|expectancy_r|win_rate|profit_factor|max_drawdown_r|coverage|cost_stress,DENIED_BUCKET_TEST_GLOBAL_AGGREGATE_CANNOT_APPROVE
DRBM_V2_PB_W20_5d_high_beta_growth,pullback_in_trend,high_beta_growth,daily_focus_universe_v2,1d,daily_close_pullback_to_W20,5d,daily_equity_cost_model_v1_bucket_specific,daily_bucket_liquidity_slippage_model_v1,same_bucket_same_trend_no_W20_pullback,same_bucket_random_W20_pullback_dates,120,True,True,False,bucket_test,W20,n|expectancy_r|win_rate|profit_factor|max_drawdown_r|coverage|cost_stress,DENIED_BUCKET_TEST_GLOBAL_AGGREGATE_CANNOT_APPROVE
DRBM_V2_PB_W20_10d_high_beta_growth,pullback_in_trend,high_beta_growth,daily_focus_universe_v2,1d,daily_close_pullback_to_W20,10d,daily_equity_cost_model_v1_bucket_specific,daily_bucket_liquidity_slippage_model_v1,same_bucket_same_trend_no_W20_pullback,same_bucket_random_W20_pullback_dates,120,True,True,False,bucket_test,W20,n|expectancy_r|win_rate|profit_factor|max_drawdown_r|coverage|cost_stress,DENIED_BUCKET_TEST_GLOBAL_AGGREGATE_CANNOT_APPROVE
DRBM_V2_PB_W20_20d_high_beta_growth,pullback_in_trend,high_beta_growth,daily_focus_universe_v2,1d,daily_close_pullback_to_W20,20d,daily_equity_cost_model_v1_bucket_specific,daily_bucket_liquidity_slippage_model_v1,same_bucket_same_trend_no_W20_pullback,same_bucket_random_W20_pullback_dates,120,True,True,False,bucket_test,W20,n|expectancy_r|win_rate|profit_factor|max_drawdown_r|coverage|cost_stress,DENIED_BUCKET_TEST_GLOBAL_AGGREGATE_CANNOT_APPROVE
DRBM_V2_PB_W50_3d_high_beta_growth,pullback_in_trend,high_beta_growth,daily_focus_universe_v2,1d,daily_close_pullback_to_W50,3d,daily_equity_cost_model_v1_bucket_specific,daily_bucket_liquidity_slippage_model_v1,same_bucket_same_trend_no_W50_pullback,same_bucket_random_W50_pullback_dates,120,True,True,False,bucket_test,W50,n|expectancy_r|win_rate|profit_factor|max_drawdown_r|coverage|cost_stress,DENIED_BUCKET_TEST_GLOBAL_AGGREGATE_CANNOT_APPROVE
DRBM_V2_PB_W50_5d_high_beta_growth,pullback_in_trend,high_beta_growth,daily_focus_universe_v2,1d,daily_close_pullback_to_W50,5d,daily_equity_cost_model_v1_bucket_specific,daily_bucket_liquidity_slippage_model_v1,same_bucket_same_trend_no_W50_pullback,same_bucket_random_W50_pullback_dates,120,True,True,False,bucket_test,W50,n|expectancy_r|win_rate|profit_factor|max_drawdown_r|coverage|cost_stress,DENIED_BUCKET_TEST_GLOBAL_AGGREGATE_CANNOT_APPROVE
DRBM_V2_PB_W50_10d_high_beta_growth,pullback_in_trend,high_beta_growth,daily_focus_universe_v2,1d,daily_close_pullback_to_W50,10d,daily_equity_cost_model_v1_bucket_specific,daily_bucket_liquidity_slippage_model_v1,same_bucket_same_trend_no_W50_pullback,same_bucket_random_W50_pullback_dates,120,True,True,False,bucket_test,W50,n|expectancy_r|win_rate|profit_factor|max_drawdown_r|coverage|cost_stress,DENIED_BUCKET_TEST_GLOBAL_AGGREGATE_CANNOT_APPROVE
DRBM_V2_PB_W50_20d_high_beta_growth,pullback_in_trend,high_beta_growth,daily_focus_universe_v2,1d,daily_close_pullback_to_W50,20d,daily_equity_cost_model_v1_bucket_specific,daily_bucket_liquidity_slippage_model_v1,same_bucket_same_trend_no_W50_pullback,same_bucket_random_W50_pullback_dates,120,True,True,False,bucket_test,W50,n|expectancy_r|win_rate|profit_factor|max_drawdown_r|coverage|cost_stress,DENIED_BUCKET_TEST_GLOBAL_AGGREGATE_CANNOT_APPROVE
DRBM_V2_PB_W100_3d_high_beta_growth,pullback_in_trend,high_beta_growth,daily_focus_universe_v2,1d,daily_close_pullback_to_W100,3d,daily_equity_cost_model_v1_bucket_specific,daily_bucket_liquidity_slippage_model_v1,same_bucket_same_trend_no_W100_pullback,same_bucket_random_W100_pullback_dates,120,True,True,False,bucket_test,W100,n|expectancy_r|win_rate|profit_factor|max_drawdown_r|coverage|cost_stress,DENIED_BUCKET_TEST_GLOBAL_AGGREGATE_CANNOT_APPROVE
DRBM_V2_PB_W100_5d_high_beta_growth,pullback_in_trend,high_beta_growth,daily_focus_universe_v2,1d,daily_close_pullback_to_W100,5d,daily_equity_cost_model_v1_bucket_specific,daily_bucket_liquidity_slippage_model_v1,same_bucket_same_trend_no_W100_pullback,same_bucket_random_W100_pullback_dates,120,True,True,False,bucket_test,W100,n|expectancy_r|win_rate|profit_factor|max_drawdown_r|coverage|cost_stress,DENIED_BUCKET_TEST_GLOBAL_AGGREGATE_CANNOT_APPROVE
DRBM_V2_PB_W100_10d_high_beta_growth,pullback_in_trend,high_beta_growth,daily_focus_universe_v2,1d,daily_close_pullback_to_W100,10d,daily_equity_cost_model_v1_bucket_specific,daily_bucket_liquidity_slippage_model_v1,same_bucket_same_trend_no_W100_pullback,same_bucket_random_W100_pullback_dates,120,True,True,False,bucket_test,W100,n|expectancy_r|win_rate|profit_factor|max_drawdown_r|coverage|cost_stress,DENIED_BUCKET_TEST_GLOBAL_AGGREGATE_CANNOT_APPROVE
DRBM_V2_PB_W100_20d_high_beta_growth,pullback_in_trend,high_beta_growth,daily_focus_universe_v2,1d,daily_close_pullback_to_W100,20d,daily_equity_cost_model_v1_bucket_specific,daily_bucket_liquidity_slippage_model_v1,same_bucket_same_trend_no_W100_pullback,same_bucket_random_W100_pullback_dates,120,True,True,False,bucket_test,W100,n|expectancy_r|win_rate|profit_factor|max_drawdown_r|coverage|cost_stress,DENIED_BUCKET_TEST_GLOBAL_AGGREGATE_CANNOT_APPROVE
DRBM_V2_GAP_same_day_close_high_beta_growth,gap_continuation_reversal_daily,high_beta_growth,daily_focus_universe_v2,1d,daily_gap_open_then_close_policy,same_day_close,daily_equity_cost_model_v1_bucket_specific,daily_bucket_liquidity_slippage_model_v1,same_day_bucket_matched_non_gap,same_bucket_random_gap_dates_same_regime,100,True,True,False,bucket_test,same_day_close,n|expectancy_r|win_rate|profit_factor|max_drawdown_r|coverage|cost_stress,DENIED_BUCKET_TEST_GLOBAL_AGGREGATE_CANNOT_APPROVE
DRBM_V2_GAP_next_day_close_high_beta_growth,gap_continuation_reversal_daily,high_beta_growth,daily_focus_universe_v2,1d,daily_gap_open_then_close_policy,next_day_close,daily_equity_cost_model_v1_bucket_specific,daily_bucket_liquidity_slippage_model_v1,next_day_bucket_matched_non_gap,same_bucket_random_gap_dates_same_regime,100,True,True,False,bucket_test,next_day_close,n|expectancy_r|win_rate|profit_factor|max_drawdown_r|coverage|cost_stress,DENIED_BUCKET_TEST_GLOBAL_AGGREGATE_CANNOT_APPROVE
DRBM_V2_GAP_3_day_follow_through_high_beta_growth,gap_continuation_reversal_daily,high_beta_growth,daily_focus_universe_v2,1d,daily_gap_open_then_close_policy,3d,daily_equity_cost_model_v1_bucket_specific,daily_bucket_liquidity_slippage_model_v1,three_day_bucket_matched_non_gap,same_bucket_random_gap_dates_same_regime,100,True,True,False,bucket_test,3_day_follow_through,n|expectancy_r|win_rate|profit_factor|max_drawdown_r|coverage|cost_stress,DENIED_BUCKET_TEST_GLOBAL_AGGREGATE_CANNOT_APPROVE
DRBM_V2_GAP_5_day_follow_through_high_beta_growth,gap_continuation_reversal_daily,high_beta_growth,daily_focus_universe_v2,1d,daily_gap_open_then_close_policy,5d,daily_equity_cost_model_v1_bucket_specific,daily_bucket_liquidity_slippage_model_v1,five_day_bucket_matched_non_gap,same_bucket_random_gap_dates_same_regime,100,True,True,False,bucket_test,5_day_follow_through,n|expectancy_r|win_rate|profit_factor|max_drawdown_r|coverage|cost_stress,DENIED_BUCKET_TEST_GLOBAL_AGGREGATE_CANNOT_APPROVE
DRBM_V2_VCB_high_beta_growth,volatility_contraction_breakout,high_beta_growth,daily_focus_universe_v2,1d,daily_close_breakout_confirmation,5d,daily_equity_cost_model_v1_bucket_specific,daily_bucket_liquidity_slippage_model_v1,same_bucket_non_contraction_breakouts,same_bucket_random_breakout_dates,80,True,True,False,bucket_test,contraction_window_breakout_confirmation_fakeout_controls,n|expectancy_r|win_rate|profit_factor|max_drawdown_r|coverage|cost_stress,DENIED_BUCKET_TEST_GLOBAL_AGGREGATE_CANNOT_APPROVE
DRBM_V2_RS_stock_vs_spy_high_beta_growth,relative_strength_sector_leadership,high_beta_growth,daily_focus_universe_v2,1d,daily_close_rs_stock_vs_spy,10d,daily_equity_cost_model_v1_bucket_specific,daily_bucket_liquidity_slippage_model_v1,same_bucket_rs_neutral_symbols,same_bucket_sector_shuffled_rs,100,True,True,False,bucket_test,stock_vs_spy,n|expectancy_r|win_rate|profit_factor|max_drawdown_r|coverage|cost_stress,DENIED_BUCKET_TEST_GLOBAL_AGGREGATE_CANNOT_APPROVE
DRBM_V2_RS_stock_vs_sector_etf_high_beta_growth,relative_strength_sector_leadership,high_beta_growth,daily_focus_universe_v2,1d,daily_close_rs_stock_vs_sector_etf,10d,daily_equity_cost_model_v1_bucket_specific,daily_bucket_liquidity_slippage_model_v1,same_bucket_rs_neutral_symbols,same_bucket_sector_shuffled_rs,100,True,True,False,bucket_test,stock_vs_sector_etf,n|expectancy_r|win_rate|profit_factor|max_drawdown_r|coverage|cost_stress,DENIED_BUCKET_TEST_GLOBAL_AGGREGATE_CANNOT_APPROVE
DRBM_V2_RS_sector_etf_vs_spy_high_beta_growth,relative_strength_sector_leadership,high_beta_growth,daily_focus_universe_v2,1d,daily_close_rs_sector_etf_vs_spy,10d,daily_equity_cost_model_v1_bucket_specific,daily_bucket_liquidity_slippage_model_v1,same_bucket_rs_neutral_symbols,same_bucket_sector_shuffled_rs,100,True,True,False,bucket_test,sector_etf_vs_spy,n|expectancy_r|win_rate|profit_factor|max_drawdown_r|coverage|cost_stress,DENIED_BUCKET_TEST_GLOBAL_AGGREGATE_CANNOT_APPROVE
DRBM_V2_PB_W20_3d_defensive_quality,pullback_in_trend,defensive_quality,daily_focus_universe_v2,1d,daily_close_pullback_to_W20,3d,daily_equity_cost_model_v1_bucket_specific,daily_bucket_liquidity_slippage_model_v1,same_bucket_same_trend_no_W20_pullback,same_bucket_random_W20_pullback_dates,120,True,True,False,bucket_test,W20,n|expectancy_r|win_rate|profit_factor|max_drawdown_r|coverage|cost_stress,DENIED_BUCKET_TEST_GLOBAL_AGGREGATE_CANNOT_APPROVE
DRBM_V2_PB_W20_5d_defensive_quality,pullback_in_trend,defensive_quality,daily_focus_universe_v2,1d,daily_close_pullback_to_W20,5d,daily_equity_cost_model_v1_bucket_specific,daily_bucket_liquidity_slippage_model_v1,same_bucket_same_trend_no_W20_pullback,same_bucket_random_W20_pullback_dates,120,True,True,False,bucket_test,W20,n|expectancy_r|win_rate|profit_factor|max_drawdown_r|coverage|cost_stress,DENIED_BUCKET_TEST_GLOBAL_AGGREGATE_CANNOT_APPROVE
DRBM_V2_PB_W20_10d_defensive_quality,pullback_in_trend,defensive_quality,daily_focus_universe_v2,1d,daily_close_pullback_to_W20,10d,daily_equity_cost_model_v1_bucket_specific,daily_bucket_liquidity_slippage_model_v1,same_bucket_same_trend_no_W20_pullback,same_bucket_random_W20_pullback_dates,120,True,True,False,bucket_test,W20,n|expectancy_r|win_rate|profit_factor|max_drawdown_r|coverage|cost_stress,DENIED_BUCKET_TEST_GLOBAL_AGGREGATE_CANNOT_APPROVE
DRBM_V2_PB_W20_20d_defensive_quality,pullback_in_trend,defensive_quality,daily_focus_universe_v2,1d,daily_close_pullback_to_W20,20d,daily_equity_cost_model_v1_bucket_specific,daily_bucket_liquidity_slippage_model_v1,same_bucket_same_trend_no_W20_pullback,same_bucket_random_W20_pullback_dates,120,True,True,False,bucket_test,W20,n|expectancy_r|win_rate|profit_factor|max_drawdown_r|coverage|cost_stress,DENIED_BUCKET_TEST_GLOBAL_AGGREGATE_CANNOT_APPROVE
DRBM_V2_PB_W50_3d_defensive_quality,pullback_in_trend,defensive_quality,daily_focus_universe_v2,1d,daily_close_pullback_to_W50,3d,daily_equity_cost_model_v1_bucket_specific,daily_bucket_liquidity_slippage_model_v1,same_bucket_same_trend_no_W50_pullback,same_bucket_random_W50_pullback_dates,120,True,True,False,bucket_test,W50,n|expectancy_r|win_rate|profit_factor|max_drawdown_r|coverage|cost_stress,DENIED_BUCKET_TEST_GLOBAL_AGGREGATE_CANNOT_APPROVE
DRBM_V2_PB_W50_5d_defensive_quality,pullback_in_trend,defensive_quality,daily_focus_universe_v2,1d,daily_close_pullback_to_W50,5d,daily_equity_cost_model_v1_bucket_specific,daily_bucket_liquidity_slippage_model_v1,same_bucket_same_trend_no_W50_pullback,same_bucket_random_W50_pullback_dates,120,True,True,False,bucket_test,W50,n|expectancy_r|win_rate|profit_factor|max_drawdown_r|coverage|cost_stress,DENIED_BUCKET_TEST_GLOBAL_AGGREGATE_CANNOT_APPROVE
DRBM_V2_PB_W50_10d_defensive_quality,pullback_in_trend,defensive_quality,daily_focus_universe_v2,1d,daily_close_pullback_to_W50,10d,daily_equity_cost_model_v1_bucket_specific,daily_bucket_liquidity_slippage_model_v1,same_bucket_same_trend_no_W50_pullback,same_bucket_random_W50_pullback_dates,120,True,True,False,bucket_test,W50,n|expectancy_r|win_rate|profit_factor|max_drawdown_r|coverage|cost_stress,DENIED_BUCKET_TEST_GLOBAL_AGGREGATE_CANNOT_APPROVE
DRBM_V2_PB_W50_20d_defensive_quality,pullback_in_trend,defensive_quality,daily_focus_universe_v2,1d,daily_close_pullback_to_W50,20d,daily_equity_cost_model_v1_bucket_specific,daily_bucket_liquidity_slippage_model_v1,same_bucket_same_trend_no_W50_pullback,same_bucket_random_W50_pullback_dates,120,True,True,False,bucket_test,W50,n|expectancy_r|win_rate|profit_factor|max_drawdown_r|coverage|cost_stress,DENIED_BUCKET_TEST_GLOBAL_AGGREGATE_CANNOT_APPROVE
DRBM_V2_PB_W100_3d_defensive_quality,pullback_in_trend,defensive_quality,daily_focus_universe_v2,1d,daily_close_pullback_to_W100,3d,daily_equity_cost_model_v1_bucket_specific,daily_bucket_liquidity_slippage_model_v1,same_bucket_same_trend_no_W100_pullback,same_bucket_random_W100_pullback_dates,120,True,True,False,bucket_test,W100,n|expectancy_r|win_rate|profit_factor|max_drawdown_r|coverage|cost_stress,DENIED_BUCKET_TEST_GLOBAL_AGGREGATE_CANNOT_APPROVE
DRBM_V2_PB_W100_5d_defensive_quality,pullback_in_trend,defensive_quality,daily_focus_universe_v2,1d,daily_close_pullback_to_W100,5d,daily_equity_cost_model_v1_bucket_specific,daily_bucket_liquidity_slippage_model_v1,same_bucket_same_trend_no_W100_pullback,same_bucket_random_W100_pullback_dates,120,True,True,False,bucket_test,W100,n|expectancy_r|win_rate|profit_factor|max_drawdown_r|coverage|cost_stress,DENIED_BUCKET_TEST_GLOBAL_AGGREGATE_CANNOT_APPROVE
DRBM_V2_PB_W100_10d_defensive_quality,pullback_in_trend,defensive_quality,daily_focus_universe_v2,1d,daily_close_pullback_to_W100,10d,daily_equity_cost_model_v1_bucket_specific,daily_bucket_liquidity_slippage_model_v1,same_bucket_same_trend_no_W100_pullback,same_bucket_random_W100_pullback_dates,120,True,True,False,bucket_test,W100,n|expectancy_r|win_rate|profit_factor|max_drawdown_r|coverage|cost_stress,DENIED_BUCKET_TEST_GLOBAL_AGGREGATE_CANNOT_APPROVE
DRBM_V2_PB_W100_20d_defensive_quality,pullback_in_trend,defensive_quality,daily_focus_universe_v2,1d,daily_close_pullback_to_W100,20d,daily_equity_cost_model_v1_bucket_specific,daily_bucket_liquidity_slippage_model_v1,same_bucket_same_trend_no_W100_pullback,same_bucket_random_W100_pullback_dates,120,True,True,False,bucket_test,W100,n|expectancy_r|win_rate|profit_factor|max_drawdown_r|coverage|cost_stress,DENIED_BUCKET_TEST_GLOBAL_AGGREGATE_CANNOT_APPROVE
DRBM_V2_GAP_same_day_close_defensive_quality,gap_continuation_reversal_daily,defensive_quality,daily_focus_universe_v2,1d,daily_gap_open_then_close_policy,same_day_close,daily_equity_cost_model_v1_bucket_specific,daily_bucket_liquidity_slippage_model_v1,same_day_bucket_matched_non_gap,same_bucket_random_gap_dates_same_regime,100,True,True,False,bucket_test,same_day_close,n|expectancy_r|win_rate|profit_factor|max_drawdown_r|coverage|cost_stress,DENIED_BUCKET_TEST_GLOBAL_AGGREGATE_CANNOT_APPROVE
DRBM_V2_GAP_next_day_close_defensive_quality,gap_continuation_reversal_daily,defensive_quality,daily_focus_universe_v2,1d,daily_gap_open_then_close_policy,next_day_close,daily_equity_cost_model_v1_bucket_specific,daily_bucket_liquidity_slippage_model_v1,next_day_bucket_matched_non_gap,same_bucket_random_gap_dates_same_regime,100,True,True,False,bucket_test,next_day_close,n|expectancy_r|win_rate|profit_factor|max_drawdown_r|coverage|cost_stress,DENIED_BUCKET_TEST_GLOBAL_AGGREGATE_CANNOT_APPROVE
DRBM_V2_GAP_3_day_follow_through_defensive_quality,gap_continuation_reversal_daily,defensive_quality,daily_focus_universe_v2,1d,daily_gap_open_then_close_policy,3d,daily_equity_cost_model_v1_bucket_specific,daily_bucket_liquidity_slippage_model_v1,three_day_bucket_matched_non_gap,same_bucket_random_gap_dates_same_regime,100,True,True,False,bucket_test,3_day_follow_through,n|expectancy_r|win_rate|profit_factor|max_drawdown_r|coverage|cost_stress,DENIED_BUCKET_TEST_GLOBAL_AGGREGATE_CANNOT_APPROVE
DRBM_V2_GAP_5_day_follow_through_defensive_quality,gap_continuation_reversal_daily,defensive_quality,daily_focus_universe_v2,1d,daily_gap_open_then_close_policy,5d,daily_equity_cost_model_v1_bucket_specific,daily_bucket_liquidity_slippage_model_v1,five_day_bucket_matched_non_gap,same_bucket_random_gap_dates_same_regime,100,True,True,False,bucket_test,5_day_follow_through,n|expectancy_r|win_rate|profit_factor|max_drawdown_r|coverage|cost_stress,DENIED_BUCKET_TEST_GLOBAL_AGGREGATE_CANNOT_APPROVE
DRBM_V2_VCB_defensive_quality,volatility_contraction_breakout,defensive_quality,daily_focus_universe_v2,1d,daily_close_breakout_confirmation,5d,daily_equity_cost_model_v1_bucket_specific,daily_bucket_liquidity_slippage_model_v1,same_bucket_non_contraction_breakouts,same_bucket_random_breakout_dates,80,True,True,False,bucket_test,contraction_window_breakout_confirmation_fakeout_controls,n|expectancy_r|win_rate|profit_factor|max_drawdown_r|coverage|cost_stress,DENIED_BUCKET_TEST_GLOBAL_AGGREGATE_CANNOT_APPROVE
DRBM_V2_RS_stock_vs_spy_defensive_quality,relative_strength_sector_leadership,defensive_quality,daily_focus_universe_v2,1d,daily_close_rs_stock_vs_spy,10d,daily_equity_cost_model_v1_bucket_specific,daily_bucket_liquidity_slippage_model_v1,same_bucket_rs_neutral_symbols,same_bucket_sector_shuffled_rs,100,True,True,False,bucket_test,stock_vs_spy,n|expectancy_r|win_rate|profit_factor|max_drawdown_r|coverage|cost_stress,DENIED_BUCKET_TEST_GLOBAL_AGGREGATE_CANNOT_APPROVE
DRBM_V2_RS_stock_vs_sector_etf_defensive_quality,relative_strength_sector_leadership,defensive_quality,daily_focus_universe_v2,1d,daily_close_rs_stock_vs_sector_etf,10d,daily_equity_cost_model_v1_bucket_specific,daily_bucket_liquidity_slippage_model_v1,same_bucket_rs_neutral_symbols,same_bucket_sector_shuffled_rs,100,True,True,False,bucket_test,stock_vs_sector_etf,n|expectancy_r|win_rate|profit_factor|max_drawdown_r|coverage|cost_stress,DENIED_BUCKET_TEST_GLOBAL_AGGREGATE_CANNOT_APPROVE
DRBM_V2_RS_sector_etf_vs_spy_defensive_quality,relative_strength_sector_leadership,defensive_quality,daily_focus_universe_v2,1d,daily_close_rs_sector_etf_vs_spy,10d,daily_equity_cost_model_v1_bucket_specific,daily_bucket_liquidity_slippage_model_v1,same_bucket_rs_neutral_symbols,same_bucket_sector_shuffled_rs,100,True,True,False,bucket_test,sector_etf_vs_spy,n|expectancy_r|win_rate|profit_factor|max_drawdown_r|coverage|cost_stress,DENIED_BUCKET_TEST_GLOBAL_AGGREGATE_CANNOT_APPROVE
DRBM_V2_PB_W20_3d_sector_leaders,pullback_in_trend,sector_leaders,daily_focus_universe_v2,1d,daily_close_pullback_to_W20,3d,daily_equity_cost_model_v1_bucket_specific,daily_bucket_liquidity_slippage_model_v1,same_bucket_same_trend_no_W20_pullback,same_bucket_random_W20_pullback_dates,120,True,True,False,bucket_test,W20,n|expectancy_r|win_rate|profit_factor|max_drawdown_r|coverage|cost_stress,DENIED_BUCKET_TEST_GLOBAL_AGGREGATE_CANNOT_APPROVE
DRBM_V2_PB_W20_5d_sector_leaders,pullback_in_trend,sector_leaders,daily_focus_universe_v2,1d,daily_close_pullback_to_W20,5d,daily_equity_cost_model_v1_bucket_specific,daily_bucket_liquidity_slippage_model_v1,same_bucket_same_trend_no_W20_pullback,same_bucket_random_W20_pullback_dates,120,True,True,False,bucket_test,W20,n|expectancy_r|win_rate|profit_factor|max_drawdown_r|coverage|cost_stress,DENIED_BUCKET_TEST_GLOBAL_AGGREGATE_CANNOT_APPROVE
DRBM_V2_PB_W20_10d_sector_leaders,pullback_in_trend,sector_leaders,daily_focus_universe_v2,1d,daily_close_pullback_to_W20,10d,daily_equity_cost_model_v1_bucket_specific,daily_bucket_liquidity_slippage_model_v1,same_bucket_same_trend_no_W20_pullback,same_bucket_random_W20_pullback_dates,120,True,True,False,bucket_test,W20,n|expectancy_r|win_rate|profit_factor|max_drawdown_r|coverage|cost_stress,DENIED_BUCKET_TEST_GLOBAL_AGGREGATE_CANNOT_APPROVE
DRBM_V2_PB_W20_20d_sector_leaders,pullback_in_trend,sector_leaders,daily_focus_universe_v2,1d,daily_close_pullback_to_W20,20d,daily_equity_cost_model_v1_bucket_specific,daily_bucket_liquidity_slippage_model_v1,same_bucket_same_trend_no_W20_pullback,same_bucket_random_W20_pullback_dates,120,True,True,False,bucket_test,W20,n|expectancy_r|win_rate|profit_factor|max_drawdown_r|coverage|cost_stress,DENIED_BUCKET_TEST_GLOBAL_AGGREGATE_CANNOT_APPROVE
DRBM_V2_PB_W50_3d_sector_leaders,pullback_in_trend,sector_leaders,daily_focus_universe_v2,1d,daily_close_pullback_to_W50,3d,daily_equity_cost_model_v1_bucket_specific,daily_bucket_liquidity_slippage_model_v1,same_bucket_same_trend_no_W50_pullback,same_bucket_random_W50_pullback_dates,120,True,True,False,bucket_test,W50,n|expectancy_r|win_rate|profit_factor|max_drawdown_r|coverage|cost_stress,DENIED_BUCKET_TEST_GLOBAL_AGGREGATE_CANNOT_APPROVE
DRBM_V2_PB_W50_5d_sector_leaders,pullback_in_trend,sector_leaders,daily_focus_universe_v2,1d,daily_close_pullback_to_W50,5d,daily_equity_cost_model_v1_bucket_specific,daily_bucket_liquidity_slippage_model_v1,same_bucket_same_trend_no_W50_pullback,same_bucket_random_W50_pullback_dates,120,True,True,False,bucket_test,W50,n|expectancy_r|win_rate|profit_factor|max_drawdown_r|coverage|cost_stress,DENIED_BUCKET_TEST_GLOBAL_AGGREGATE_CANNOT_APPROVE
DRBM_V2_PB_W50_10d_sector_leaders,pullback_in_trend,sector_leaders,daily_focus_universe_v2,1d,daily_close_pullback_to_W50,10d,daily_equity_cost_model_v1_bucket_specific,daily_bucket_liquidity_slippage_model_v1,same_bucket_same_trend_no_W50_pullback,same_bucket_random_W50_pullback_dates,120,True,True,False,bucket_test,W50,n|expectancy_r|win_rate|profit_factor|max_drawdown_r|coverage|cost_stress,DENIED_BUCKET_TEST_GLOBAL_AGGREGATE_CANNOT_APPROVE
DRBM_V2_PB_W50_20d_sector_leaders,pullback_in_trend,sector_leaders,daily_focus_universe_v2,1d,daily_close_pullback_to_W50,20d,daily_equity_cost_model_v1_bucket_specific,daily_bucket_liquidity_slippage_model_v1,same_bucket_same_trend_no_W50_pullback,same_bucket_random_W50_pullback_dates,120,True,True,False,bucket_test,W50,n|expectancy_r|win_rate|profit_factor|max_drawdown_r|coverage|cost_stress,DENIED_BUCKET_TEST_GLOBAL_AGGREGATE_CANNOT_APPROVE
DRBM_V2_PB_W100_3d_sector_leaders,pullback_in_trend,sector_leaders,daily_focus_universe_v2,1d,daily_close_pullback_to_W100,3d,daily_equity_cost_model_v1_bucket_specific,daily_bucket_liquidity_slippage_model_v1,same_bucket_same_trend_no_W100_pullback,same_bucket_random_W100_pullback_dates,120,True,True,False,bucket_test,W100,n|expectancy_r|win_rate|profit_factor|max_drawdown_r|coverage|cost_stress,DENIED_BUCKET_TEST_GLOBAL_AGGREGATE_CANNOT_APPROVE
DRBM_V2_PB_W100_5d_sector_leaders,pullback_in_trend,sector_leaders,daily_focus_universe_v2,1d,daily_close_pullback_to_W100,5d,daily_equity_cost_model_v1_bucket_specific,daily_bucket_liquidity_slippage_model_v1,same_bucket_same_trend_no_W100_pullback,same_bucket_random_W100_pullback_dates,120,True,True,False,bucket_test,W100,n|expectancy_r|win_rate|profit_factor|max_drawdown_r|coverage|cost_stress,DENIED_BUCKET_TEST_GLOBAL_AGGREGATE_CANNOT_APPROVE
DRBM_V2_PB_W100_10d_sector_leaders,pullback_in_trend,sector_leaders,daily_focus_universe_v2,1d,daily_close_pullback_to_W100,10d,daily_equity_cost_model_v1_bucket_specific,daily_bucket_liquidity_slippage_model_v1,same_bucket_same_trend_no_W100_pullback,same_bucket_random_W100_pullback_dates,120,True,True,False,bucket_test,W100,n|expectancy_r|win_rate|profit_factor|max_drawdown_r|coverage|cost_stress,DENIED_BUCKET_TEST_GLOBAL_AGGREGATE_CANNOT_APPROVE
DRBM_V2_PB_W100_20d_sector_leaders,pullback_in_trend,sector_leaders,daily_focus_universe_v2,1d,daily_close_pullback_to_W100,20d,daily_equity_cost_model_v1_bucket_specific,daily_bucket_liquidity_slippage_model_v1,same_bucket_same_trend_no_W100_pullback,same_bucket_random_W100_pullback_dates,120,True,True,False,bucket_test,W100,n|expectancy_r|win_rate|profit_factor|max_drawdown_r|coverage|cost_stress,DENIED_BUCKET_TEST_GLOBAL_AGGREGATE_CANNOT_APPROVE
DRBM_V2_GAP_same_day_close_sector_leaders,gap_continuation_reversal_daily,sector_leaders,daily_focus_universe_v2,1d,daily_gap_open_then_close_policy,same_day_close,daily_equity_cost_model_v1_bucket_specific,daily_bucket_liquidity_slippage_model_v1,same_day_bucket_matched_non_gap,same_bucket_random_gap_dates_same_regime,100,True,True,False,bucket_test,same_day_close,n|expectancy_r|win_rate|profit_factor|max_drawdown_r|coverage|cost_stress,DENIED_BUCKET_TEST_GLOBAL_AGGREGATE_CANNOT_APPROVE
DRBM_V2_GAP_next_day_close_sector_leaders,gap_continuation_reversal_daily,sector_leaders,daily_focus_universe_v2,1d,daily_gap_open_then_close_policy,next_day_close,daily_equity_cost_model_v1_bucket_specific,daily_bucket_liquidity_slippage_model_v1,next_day_bucket_matched_non_gap,same_bucket_random_gap_dates_same_regime,100,True,True,False,bucket_test,next_day_close,n|expectancy_r|win_rate|profit_factor|max_drawdown_r|coverage|cost_stress,DENIED_BUCKET_TEST_GLOBAL_AGGREGATE_CANNOT_APPROVE
DRBM_V2_GAP_3_day_follow_through_sector_leaders,gap_continuation_reversal_daily,sector_leaders,daily_focus_universe_v2,1d,daily_gap_open_then_close_policy,3d,daily_equity_cost_model_v1_bucket_specific,daily_bucket_liquidity_slippage_model_v1,three_day_bucket_matched_non_gap,same_bucket_random_gap_dates_same_regime,100,True,True,False,bucket_test,3_day_follow_through,n|expectancy_r|win_rate|profit_factor|max_drawdown_r|coverage|cost_stress,DENIED_BUCKET_TEST_GLOBAL_AGGREGATE_CANNOT_APPROVE
DRBM_V2_GAP_5_day_follow_through_sector_leaders,gap_continuation_reversal_daily,sector_leaders,daily_focus_universe_v2,1d,daily_gap_open_then_close_policy,5d,daily_equity_cost_model_v1_bucket_specific,daily_bucket_liquidity_slippage_model_v1,five_day_bucket_matched_non_gap,same_bucket_random_gap_dates_same_regime,100,True,True,False,bucket_test,5_day_follow_through,n|expectancy_r|win_rate|profit_factor|max_drawdown_r|coverage|cost_stress,DENIED_BUCKET_TEST_GLOBAL_AGGREGATE_CANNOT_APPROVE
DRBM_V2_VCB_sector_leaders,volatility_contraction_breakout,sector_leaders,daily_focus_universe_v2,1d,daily_close_breakout_confirmation,5d,daily_equity_cost_model_v1_bucket_specific,daily_bucket_liquidity_slippage_model_v1,same_bucket_non_contraction_breakouts,same_bucket_random_breakout_dates,80,True,True,False,bucket_test,contraction_window_breakout_confirmation_fakeout_controls,n|expectancy_r|win_rate|profit_factor|max_drawdown_r|coverage|cost_stress,DENIED_BUCKET_TEST_GLOBAL_AGGREGATE_CANNOT_APPROVE
DRBM_V2_RS_stock_vs_spy_sector_leaders,relative_strength_sector_leadership,sector_leaders,daily_focus_universe_v2,1d,daily_close_rs_stock_vs_spy,10d,daily_equity_cost_model_v1_bucket_specific,daily_bucket_liquidity_slippage_model_v1,same_bucket_rs_neutral_symbols,same_bucket_sector_shuffled_rs,100,True,True,False,bucket_test,stock_vs_spy,n|expectancy_r|win_rate|profit_factor|max_drawdown_r|coverage|cost_stress,DENIED_BUCKET_TEST_GLOBAL_AGGREGATE_CANNOT_APPROVE
DRBM_V2_RS_stock_vs_sector_etf_sector_leaders,relative_strength_sector_leadership,sector_leaders,daily_focus_universe_v2,1d,daily_close_rs_stock_vs_sector_etf,10d,daily_equity_cost_model_v1_bucket_specific,daily_bucket_liquidity_slippage_model_v1,same_bucket_rs_neutral_symbols,same_bucket_sector_shuffled_rs,100,True,True,False,bucket_test,stock_vs_sector_etf,n|expectancy_r|win_rate|profit_factor|max_drawdown_r|coverage|cost_stress,DENIED_BUCKET_TEST_GLOBAL_AGGREGATE_CANNOT_APPROVE
DRBM_V2_RS_sector_etf_vs_spy_sector_leaders,relative_strength_sector_leadership,sector_leaders,daily_focus_universe_v2,1d,daily_close_rs_sector_etf_vs_spy,10d,daily_equity_cost_model_v1_bucket_specific,daily_bucket_liquidity_slippage_model_v1,same_bucket_rs_neutral_symbols,same_bucket_sector_shuffled_rs,100,True,True,False,bucket_test,sector_etf_vs_spy,n|expectancy_r|win_rate|profit_factor|max_drawdown_r|coverage|cost_stress,DENIED_BUCKET_TEST_GLOBAL_AGGREGATE_CANNOT_APPROVE
DRBM_V2_PB_W20_3d_etf_macro,pullback_in_trend,etf_macro,daily_focus_universe_v2,1d,daily_close_pullback_to_W20,3d,daily_equity_cost_model_v1_bucket_specific,daily_bucket_liquidity_slippage_model_v1,same_bucket_same_trend_no_W20_pullback,same_bucket_random_W20_pullback_dates,120,True,True,False,bucket_test,W20,n|expectancy_r|win_rate|profit_factor|max_drawdown_r|coverage|cost_stress,DENIED_BUCKET_TEST_GLOBAL_AGGREGATE_CANNOT_APPROVE
DRBM_V2_PB_W20_5d_etf_macro,pullback_in_trend,etf_macro,daily_focus_universe_v2,1d,daily_close_pullback_to_W20,5d,daily_equity_cost_model_v1_bucket_specific,daily_bucket_liquidity_slippage_model_v1,same_bucket_same_trend_no_W20_pullback,same_bucket_random_W20_pullback_dates,120,True,True,False,bucket_test,W20,n|expectancy_r|win_rate|profit_factor|max_drawdown_r|coverage|cost_stress,DENIED_BUCKET_TEST_GLOBAL_AGGREGATE_CANNOT_APPROVE
DRBM_V2_PB_W20_10d_etf_macro,pullback_in_trend,etf_macro,daily_focus_universe_v2,1d,daily_close_pullback_to_W20,10d,daily_equity_cost_model_v1_bucket_specific,daily_bucket_liquidity_slippage_model_v1,same_bucket_same_trend_no_W20_pullback,same_bucket_random_W20_pullback_dates,120,True,True,False,bucket_test,W20,n|expectancy_r|win_rate|profit_factor|max_drawdown_r|coverage|cost_stress,DENIED_BUCKET_TEST_GLOBAL_AGGREGATE_CANNOT_APPROVE
DRBM_V2_PB_W20_20d_etf_macro,pullback_in_trend,etf_macro,daily_focus_universe_v2,1d,daily_close_pullback_to_W20,20d,daily_equity_cost_model_v1_bucket_specific,daily_bucket_liquidity_slippage_model_v1,same_bucket_same_trend_no_W20_pullback,same_bucket_random_W20_pullback_dates,120,True,True,False,bucket_test,W20,n|expectancy_r|win_rate|profit_factor|max_drawdown_r|coverage|cost_stress,DENIED_BUCKET_TEST_GLOBAL_AGGREGATE_CANNOT_APPROVE
DRBM_V2_PB_W50_3d_etf_macro,pullback_in_trend,etf_macro,daily_focus_universe_v2,1d,daily_close_pullback_to_W50,3d,daily_equity_cost_model_v1_bucket_specific,daily_bucket_liquidity_slippage_model_v1,same_bucket_same_trend_no_W50_pullback,same_bucket_random_W50_pullback_dates,120,True,True,False,bucket_test,W50,n|expectancy_r|win_rate|profit_factor|max_drawdown_r|coverage|cost_stress,DENIED_BUCKET_TEST_GLOBAL_AGGREGATE_CANNOT_APPROVE
DRBM_V2_PB_W50_5d_etf_macro,pullback_in_trend,etf_macro,daily_focus_universe_v2,1d,daily_close_pullback_to_W50,5d,daily_equity_cost_model_v1_bucket_specific,daily_bucket_liquidity_slippage_model_v1,same_bucket_same_trend_no_W50_pullback,same_bucket_random_W50_pullback_dates,120,True,True,False,bucket_test,W50,n|expectancy_r|win_rate|profit_factor|max_drawdown_r|coverage|cost_stress,DENIED_BUCKET_TEST_GLOBAL_AGGREGATE_CANNOT_APPROVE
DRBM_V2_PB_W50_10d_etf_macro,pullback_in_trend,etf_macro,daily_focus_universe_v2,1d,daily_close_pullback_to_W50,10d,daily_equity_cost_model_v1_bucket_specific,daily_bucket_liquidity_slippage_model_v1,same_bucket_same_trend_no_W50_pullback,same_bucket_random_W50_pullback_dates,120,True,True,False,bucket_test,W50,n|expectancy_r|win_rate|profit_factor|max_drawdown_r|coverage|cost_stress,DENIED_BUCKET_TEST_GLOBAL_AGGREGATE_CANNOT_APPROVE
DRBM_V2_PB_W50_20d_etf_macro,pullback_in_trend,etf_macro,daily_focus_universe_v2,1d,daily_close_pullback_to_W50,20d,daily_equity_cost_model_v1_bucket_specific,daily_bucket_liquidity_slippage_model_v1,same_bucket_same_trend_no_W50_pullback,same_bucket_random_W50_pullback_dates,120,True,True,False,bucket_test,W50,n|expectancy_r|win_rate|profit_factor|max_drawdown_r|coverage|cost_stress,DENIED_BUCKET_TEST_GLOBAL_AGGREGATE_CANNOT_APPROVE
DRBM_V2_PB_W100_3d_etf_macro,pullback_in_trend,etf_macro,daily_focus_universe_v2,1d,daily_close_pullback_to_W100,3d,daily_equity_cost_model_v1_bucket_specific,daily_bucket_liquidity_slippage_model_v1,same_bucket_same_trend_no_W100_pullback,same_bucket_random_W100_pullback_dates,120,True,True,False,bucket_test,W100,n|expectancy_r|win_rate|profit_factor|max_drawdown_r|coverage|cost_stress,DENIED_BUCKET_TEST_GLOBAL_AGGREGATE_CANNOT_APPROVE
DRBM_V2_PB_W100_5d_etf_macro,pullback_in_trend,etf_macro,daily_focus_universe_v2,1d,daily_close_pullback_to_W100,5d,daily_equity_cost_model_v1_bucket_specific,daily_bucket_liquidity_slippage_model_v1,same_bucket_same_trend_no_W100_pullback,same_bucket_random_W100_pullback_dates,120,True,True,False,bucket_test,W100,n|expectancy_r|win_rate|profit_factor|max_drawdown_r|coverage|cost_stress,DENIED_BUCKET_TEST_GLOBAL_AGGREGATE_CANNOT_APPROVE
DRBM_V2_PB_W100_10d_etf_macro,pullback_in_trend,etf_macro,daily_focus_universe_v2,1d,daily_close_pullback_to_W100,10d,daily_equity_cost_model_v1_bucket_specific,daily_bucket_liquidity_slippage_model_v1,same_bucket_same_trend_no_W100_pullback,same_bucket_random_W100_pullback_dates,120,True,True,False,bucket_test,W100,n|expectancy_r|win_rate|profit_factor|max_drawdown_r|coverage|cost_stress,DENIED_BUCKET_TEST_GLOBAL_AGGREGATE_CANNOT_APPROVE
DRBM_V2_PB_W100_20d_etf_macro,pullback_in_trend,etf_macro,daily_focus_universe_v2,1d,daily_close_pullback_to_W100,20d,daily_equity_cost_model_v1_bucket_specific,daily_bucket_liquidity_slippage_model_v1,same_bucket_same_trend_no_W100_pullback,same_bucket_random_W100_pullback_dates,120,True,True,False,bucket_test,W100,n|expectancy_r|win_rate|profit_factor|max_drawdown_r|coverage|cost_stress,DENIED_BUCKET_TEST_GLOBAL_AGGREGATE_CANNOT_APPROVE
DRBM_V2_GAP_same_day_close_etf_macro,gap_continuation_reversal_daily,etf_macro,daily_focus_universe_v2,1d,daily_gap_open_then_close_policy,same_day_close,daily_equity_cost_model_v1_bucket_specific,daily_bucket_liquidity_slippage_model_v1,same_day_bucket_matched_non_gap,same_bucket_random_gap_dates_same_regime,100,True,True,False,bucket_test,same_day_close,n|expectancy_r|win_rate|profit_factor|max_drawdown_r|coverage|cost_stress,DENIED_BUCKET_TEST_GLOBAL_AGGREGATE_CANNOT_APPROVE
DRBM_V2_GAP_next_day_close_etf_macro,gap_continuation_reversal_daily,etf_macro,daily_focus_universe_v2,1d,daily_gap_open_then_close_policy,next_day_close,daily_equity_cost_model_v1_bucket_specific,daily_bucket_liquidity_slippage_model_v1,next_day_bucket_matched_non_gap,same_bucket_random_gap_dates_same_regime,100,True,True,False,bucket_test,next_day_close,n|expectancy_r|win_rate|profit_factor|max_drawdown_r|coverage|cost_stress,DENIED_BUCKET_TEST_GLOBAL_AGGREGATE_CANNOT_APPROVE
DRBM_V2_GAP_3_day_follow_through_etf_macro,gap_continuation_reversal_daily,etf_macro,daily_focus_universe_v2,1d,daily_gap_open_then_close_policy,3d,daily_equity_cost_model_v1_bucket_specific,daily_bucket_liquidity_slippage_model_v1,three_day_bucket_matched_non_gap,same_bucket_random_gap_dates_same_regime,100,True,True,False,bucket_test,3_day_follow_through,n|expectancy_r|win_rate|profit_factor|max_drawdown_r|coverage|cost_stress,DENIED_BUCKET_TEST_GLOBAL_AGGREGATE_CANNOT_APPROVE
DRBM_V2_GAP_5_day_follow_through_etf_macro,gap_continuation_reversal_daily,etf_macro,daily_focus_universe_v2,1d,daily_gap_open_then_close_policy,5d,daily_equity_cost_model_v1_bucket_specific,daily_bucket_liquidity_slippage_model_v1,five_day_bucket_matched_non_gap,same_bucket_random_gap_dates_same_regime,100,True,True,False,bucket_test,5_day_follow_through,n|expectancy_r|win_rate|profit_factor|max_drawdown_r|coverage|cost_stress,DENIED_BUCKET_TEST_GLOBAL_AGGREGATE_CANNOT_APPROVE
DRBM_V2_VCB_etf_macro,volatility_contraction_breakout,etf_macro,daily_focus_universe_v2,1d,daily_close_breakout_confirmation,5d,daily_equity_cost_model_v1_bucket_specific,daily_bucket_liquidity_slippage_model_v1,same_bucket_non_contraction_breakouts,same_bucket_random_breakout_dates,80,True,True,False,bucket_test,contraction_window_breakout_confirmation_fakeout_controls,n|expectancy_r|win_rate|profit_factor|max_drawdown_r|coverage|cost_stress,DENIED_BUCKET_TEST_GLOBAL_AGGREGATE_CANNOT_APPROVE
DRBM_V2_RS_stock_vs_spy_etf_macro,relative_strength_sector_leadership,etf_macro,daily_focus_universe_v2,1d,daily_close_rs_stock_vs_spy,10d,daily_equity_cost_model_v1_bucket_specific,daily_bucket_liquidity_slippage_model_v1,same_bucket_rs_neutral_symbols,same_bucket_sector_shuffled_rs,100,True,True,False,bucket_test,stock_vs_spy,n|expectancy_r|win_rate|profit_factor|max_drawdown_r|coverage|cost_stress,DENIED_BUCKET_TEST_GLOBAL_AGGREGATE_CANNOT_APPROVE
DRBM_V2_RS_stock_vs_sector_etf_etf_macro,relative_strength_sector_leadership,etf_macro,daily_focus_universe_v2,1d,daily_close_rs_stock_vs_sector_etf,10d,daily_equity_cost_model_v1_bucket_specific,daily_bucket_liquidity_slippage_model_v1,same_bucket_rs_neutral_symbols,same_bucket_sector_shuffled_rs,100,True,True,False,bucket_test,stock_vs_sector_etf,n|expectancy_r|win_rate|profit_factor|max_drawdown_r|coverage|cost_stress,DENIED_BUCKET_TEST_GLOBAL_AGGREGATE_CANNOT_APPROVE
DRBM_V2_RS_sector_etf_vs_spy_etf_macro,relative_strength_sector_leadership,etf_macro,daily_focus_universe_v2,1d,daily_close_rs_sector_etf_vs_spy,10d,daily_equity_cost_model_v1_bucket_specific,daily_bucket_liquidity_slippage_model_v1,same_bucket_rs_neutral_symbols,same_bucket_sector_shuffled_rs,100,True,True,False,bucket_test,sector_etf_vs_spy,n|expectancy_r|win_rate|profit_factor|max_drawdown_r|coverage|cost_stress,DENIED_BUCKET_TEST_GLOBAL_AGGREGATE_CANNOT_APPROVE
DRBM_V2_SUMMARY_ONLY,summary,all_buckets_summary_only,daily_focus_universe_v2,1d,summary_only_no_entry,summary_only,summary_only_no_cost_decision,summary_only_no_slippage_decision,summary_only_bucket_coverage,summary_only_no_placebo_decision,0,True,True,True,summary_only,summary_only,bucket_row_count|missing_bucket_count|coverage_by_bucket,APPROVED_SUMMARY_ONLY_NO_PATTERN_APPROVAL
