pattern_id,ticker,trade_count,event_count,net_pnl,winrate,profit_factor,avg_trade,max_drawdown,first_seen,last_seen,notes
PATTERN_000013,AMBA,0,3,0,0.000000,0.000000,-1.000000,3.000000,2021-10-01T00:00:00+00:00,2021-10-11T00:00:00+00:00,"Aggregated from stored representative examples, not full event ledger."
PATTERN_000013,CRDO,0,3,0,0.666667,5.179598,1.124033,0.806800,2022-12-02T00:00:00+00:00,2022-12-15T00:00:00+00:00,"Aggregated from stored representative examples, not full event ledger."
PATTERN_000013,CROX,0,1,0,1.000000,2.500000,2.500000,0.000000,2021-12-14T00:00:00+00:00,2021-12-14T00:00:00+00:00,"Aggregated from stored representative examples, not full event ledger."
PATTERN_000013,ENPH,0,4,0,1.000000,10.000000,2.500000,0.000000,2021-11-22T00:00:00+00:00,2021-12-22T00:00:00+00:00,"Aggregated from stored representative examples, not full event ledger."
PATTERN_000014,ACMR,0,3,0,0.000000,0.000000,-1.000000,3.000000,2021-12-22T00:00:00+00:00,2021-12-31T00:00:00+00:00,"Aggregated from stored representative examples, not full event ledger."
PATTERN_000014,ARWR,0,1,0,1.000000,1.767000,1.767000,0.000000,2022-02-14T00:00:00+00:00,2022-02-14T00:00:00+00:00,"Aggregated from stored representative examples, not full event ledger."
PATTERN_000014,ENPH,0,1,0,0.000000,0.000000,-1.000000,1.000000,2022-01-19T00:00:00+00:00,2022-01-19T00:00:00+00:00,"Aggregated from stored representative examples, not full event ledger."
PATTERN_000014,GH,0,1,0,1.000000,2.500000,2.500000,0.000000,2022-02-14T00:00:00+00:00,2022-02-14T00:00:00+00:00,"Aggregated from stored representative examples, not full event ledger."
PATTERN_000014,IOVA,0,4,0,1.000000,10.000000,2.500000,0.000000,2021-12-17T00:00:00+00:00,2022-02-14T00:00:00+00:00,"Aggregated from stored representative examples, not full event ledger."
PATTERN_000015,ACMR,0,2,0,0.000000,0.000000,-1.000000,2.000000,2021-09-15T00:00:00+00:00,2021-09-20T00:00:00+00:00,"Aggregated from stored representative examples, not full event ledger."
PATTERN_000015,AMBA,0,1,0,0.000000,0.000000,-1.000000,1.000000,2021-09-10T00:00:00+00:00,2021-09-10T00:00:00+00:00,"Aggregated from stored representative examples, not full event ledger."
PATTERN_000015,CRDO,0,3,0,1.000000,7.500000,2.500000,0.000000,2023-02-03T00:00:00+00:00,2023-02-13T00:00:00+00:00,"Aggregated from stored representative examples, not full event ledger."
PATTERN_000015,ENPH,0,1,0,0.000000,0.000000,-1.000000,1.000000,2021-11-01T00:00:00+00:00,2021-11-01T00:00:00+00:00,"Aggregated from stored representative examples, not full event ledger."
PATTERN_000015,FUBO,0,4,0,1.000000,10.000000,2.500000,0.000000,2021-11-01T00:00:00+00:00,2021-11-17T00:00:00+00:00,"Aggregated from stored representative examples, not full event ledger."
PATTERN_000016,ACMR,0,3,0,0.000000,0.000000,-1.000000,3.000000,2021-09-23T00:00:00+00:00,2021-10-01T00:00:00+00:00,"Aggregated from stored representative examples, not full event ledger."
PATTERN_000016,AX,0,1,0,0.000000,0.000000,-0.438800,0.438800,2021-12-06T00:00:00+00:00,2021-12-06T00:00:00+00:00,"Aggregated from stored representative examples, not full event ledger."
PATTERN_000016,CARG,0,3,0,0.000000,0.000000,-1.000000,3.000000,2021-09-10T00:00:00+00:00,2021-11-01T00:00:00+00:00,"Aggregated from stored representative examples, not full event ledger."
PATTERN_000016,IOVA,0,4,0,1.000000,10.000000,2.500000,0.000000,2021-10-19T00:00:00+00:00,2021-11-09T00:00:00+00:00,"Aggregated from stored representative examples, not full event ledger."
PATTERN_000017,ACMR,0,2,0,0.000000,0.000000,-1.000000,2.000000,2021-08-16T00:00:00+00:00,2021-08-19T00:00:00+00:00,"Aggregated from stored representative examples, not full event ledger."
PATTERN_000017,AMBA,0,1,0,0.000000,0.000000,-1.000000,1.000000,2021-11-04T00:00:00+00:00,2021-11-04T00:00:00+00:00,"Aggregated from stored representative examples, not full event ledger."
PATTERN_000017,CRDO,0,1,0,0.000000,0.000000,-1.000000,1.000000,2022-12-23T00:00:00+00:00,2022-12-23T00:00:00+00:00,"Aggregated from stored representative examples, not full event ledger."
PATTERN_000017,CROX,0,2,0,1.000000,3.886200,1.943100,0.000000,2021-12-17T00:00:00+00:00,2021-12-22T00:00:00+00:00,"Aggregated from stored representative examples, not full event ledger."
PATTERN_000017,DLO,0,1,0,1.000000,2.500000,2.500000,0.000000,2021-10-27T00:00:00+00:00,2021-10-27T00:00:00+00:00,"Aggregated from stored representative examples, not full event ledger."
PATTERN_000017,ENPH,0,3,0,1.000000,7.500000,2.500000,0.000000,2021-12-28T00:00:00+00:00,2022-01-05T00:00:00+00:00,"Aggregated from stored representative examples, not full event ledger."
PATTERN_000035,ACMR,0,1,0,0.000000,0.000000,-1.000000,1.000000,2022-01-27T00:00:00+00:00,2022-01-27T00:00:00+00:00,"Aggregated from stored representative examples, not full event ledger."
PATTERN_000035,BROS,0,2,0,0.000000,0.000000,-1.000000,2.000000,2022-07-14T00:00:00+00:00,2022-07-19T00:00:00+00:00,"Aggregated from stored representative examples, not full event ledger."
PATTERN_000035,DLO,0,1,0,1.000000,2.500000,2.500000,0.000000,2021-12-28T00:00:00+00:00,2021-12-28T00:00:00+00:00,"Aggregated from stored representative examples, not full event ledger."
PATTERN_000035,FOUR,0,2,0,0.500000,2.500000,0.750000,1.000000,2021-12-31T00:00:00+00:00,2022-01-27T00:00:00+00:00,"Aggregated from stored representative examples, not full event ledger."
PATTERN_000035,FUBO,0,2,0,1.000000,5.000000,2.500000,0.000000,2022-01-13T00:00:00+00:00,2022-02-17T00:00:00+00:00,"Aggregated from stored representative examples, not full event ledger."
PATTERN_000035,HIMS,0,2,0,0.500000,0.101300,-0.449350,1.000000,2021-09-20T00:00:00+00:00,2022-01-27T00:00:00+00:00,"Aggregated from stored representative examples, not full event ledger."
PATTERN_000046,AAON,0,5,0,0.000000,0.000000,-1.000000,5.000000,2021-07-13T00:00:00+00:00,2021-08-06T00:00:00+00:00,"Aggregated from stored representative examples, not full event ledger."
PATTERN_000046,ACMR,0,1,0,0.000000,0.000000,-1.000000,1.000000,2021-08-27T00:00:00+00:00,2021-08-27T00:00:00+00:00,"Aggregated from stored representative examples, not full event ledger."
PATTERN_000046,AEO,0,5,0,0.800000,10.000000,1.800000,1.000000,2021-08-11T00:00:00+00:00,2021-09-23T00:00:00+00:00,"Aggregated from stored representative examples, not full event ledger."
PATTERN_000047,AAON,0,3,0,1.000000,7.500000,2.500000,0.000000,2021-07-26T00:00:00+00:00,2022-06-21T00:00:00+00:00,"Aggregated from stored representative examples, not full event ledger."
PATTERN_000047,AEO,0,1,0,1.000000,2.500000,2.500000,0.000000,2023-07-06T00:00:00+00:00,2023-07-06T00:00:00+00:00,"Aggregated from stored representative examples, not full event ledger."
PATTERN_000047,CALM,0,2,0,0.000000,0.000000,-1.000000,2.000000,2022-12-19T00:00:00+00:00,2022-12-22T00:00:00+00:00,"Aggregated from stored representative examples, not full event ledger."
PATTERN_000047,CROX,0,2,0,0.000000,0.000000,-1.000000,2.000000,2021-12-06T00:00:00+00:00,2021-12-09T00:00:00+00:00,"Aggregated from stored representative examples, not full event ledger."
PATTERN_000047,FN,0,1,0,0.000000,0.000000,-1.000000,1.000000,2023-02-15T00:00:00+00:00,2023-02-15T00:00:00+00:00,"Aggregated from stored representative examples, not full event ledger."
PATTERN_000047,FOUR,0,1,0,0.000000,0.000000,-1.000000,1.000000,2021-07-13T00:00:00+00:00,2021-07-13T00:00:00+00:00,"Aggregated from stored representative examples, not full event ledger."
PATTERN_000047,HIMS,0,1,0,1.000000,2.500000,2.500000,0.000000,2024-01-31T00:00:00+00:00,2024-01-31T00:00:00+00:00,"Aggregated from stored representative examples, not full event ledger."
PATTERN_000058,TMDX,0,8,0,0.250000,0.833333,-0.125000,6.000000,2021-07-13T00:00:00+00:00,2024-04-23T00:00:00+00:00,"Aggregated from stored representative examples, not full event ledger."
PATTERN_000058,UPST,0,1,0,1.000000,2.500000,2.500000,0.000000,2021-10-06T00:00:00+00:00,2021-10-06T00:00:00+00:00,"Aggregated from stored representative examples, not full event ledger."
PATTERN_000058,ZETA,0,2,0,1.000000,5.000000,2.500000,0.000000,2022-07-26T00:00:00+00:00,2022-07-29T00:00:00+00:00,"Aggregated from stored representative examples, not full event ledger."
PATTERN_000059,TMDX,0,4,0,0.250000,0.072200,-0.695850,3.000000,2021-11-04T00:00:00+00:00,2023-12-15T00:00:00+00:00,"Aggregated from stored representative examples, not full event ledger."
PATTERN_000059,WING,0,2,0,0.500000,2.500000,0.750000,1.000000,2023-12-12T00:00:00+00:00,2023-12-15T00:00:00+00:00,"Aggregated from stored representative examples, not full event ledger."
PATTERN_000059,ZETA,0,5,0,0.800000,10.000000,1.800000,1.000000,2023-06-16T00:00:00+00:00,2024-05-06T00:00:00+00:00,"Aggregated from stored representative examples, not full event ledger."
PATTERN_000060,TMDX,0,4,0,0.250000,0.677667,-0.241750,3.000000,2021-07-02T00:00:00+00:00,2024-06-05T00:00:00+00:00,"Aggregated from stored representative examples, not full event ledger."
PATTERN_000060,WING,0,3,0,0.666667,5.000000,1.333333,1.000000,2021-07-26T00:00:00+00:00,2023-11-10T00:00:00+00:00,"Aggregated from stored representative examples, not full event ledger."
PATTERN_000060,ZETA,0,4,0,1.000000,6.781400,1.695350,0.000000,2024-02-16T00:00:00+00:00,2024-05-09T00:00:00+00:00,"Aggregated from stored representative examples, not full event ledger."
PATTERN_000061,TMDX,0,5,0,0.400000,0.501267,-0.299240,3.000000,2021-10-22T00:00:00+00:00,2022-09-28T00:00:00+00:00,"Aggregated from stored representative examples, not full event ledger."
PATTERN_000061,UPST,0,2,0,1.000000,5.000000,2.500000,0.000000,2023-11-15T00:00:00+00:00,2023-11-20T00:00:00+00:00,"Aggregated from stored representative examples, not full event ledger."
PATTERN_000061,ZETA,0,4,0,0.500000,12.661433,1.151275,0.394900,2021-07-16T00:00:00+00:00,2022-10-03T00:00:00+00:00,"Aggregated from stored representative examples, not full event ledger."
PATTERN_000068,CALM,0,6,0,0.500000,2.070100,0.535050,3.000000,2021-08-19T00:00:00+00:00,2022-02-17T00:00:00+00:00,"Aggregated from stored representative examples, not full event ledger."
PATTERN_000068,CARG,0,1,0,1.000000,0.396400,0.396400,0.000000,2021-09-01T00:00:00+00:00,2021-09-01T00:00:00+00:00,"Aggregated from stored representative examples, not full event ledger."
PATTERN_000068,CRDO,0,4,0,1.000000,10.000000,2.500000,0.000000,2023-01-18T00:00:00+00:00,2023-05-23T00:00:00+00:00,"Aggregated from stored representative examples, not full event ledger."
PATTERN_000069,CRDO,0,10,0,0.500000,2.080300,0.540150,3.598500,2022-04-26T00:00:00+00:00,2023-05-15T00:00:00+00:00,"Aggregated from stored representative examples, not full event ledger."
PATTERN_000070,CALM,0,2,0,0.000000,0.000000,-1.000000,2.000000,2022-04-06T00:00:00+00:00,2022-04-11T00:00:00+00:00,"Aggregated from stored representative examples, not full event ledger."
PATTERN_000070,CARG,0,4,0,0.000000,0.000000,-1.000000,4.000000,2021-08-03T00:00:00+00:00,2023-02-02T00:00:00+00:00,"Aggregated from stored representative examples, not full event ledger."
PATTERN_000070,CRDO,0,5,0,0.800000,10.000000,1.800000,1.000000,2024-12-02T00:00:00+00:00,2025-11-17T00:00:00+00:00,"Aggregated from stored representative examples, not full event ledger."
PATTERN_000071,CRDO,0,9,0,0.555556,2.918750,0.852778,3.000000,2022-06-30T00:00:00+00:00,2023-02-13T00:00:00+00:00,"Aggregated from stored representative examples, not full event ledger."
PATTERN_000080,AAON,0,11,0,0.545455,2.730420,0.786555,4.000000,2021-08-11T00:00:00+00:00,2026-01-13T00:00:00+00:00,"Aggregated from stored representative examples, not full event ledger."
PATTERN_000081,AAON,0,11,0,0.545455,3.000000,0.909091,4.000000,2021-07-02T00:00:00+00:00,2026-01-08T00:00:00+00:00,"Aggregated from stored representative examples, not full event ledger."
PATTERN_000082,AAON,0,11,0,0.636364,4.375000,1.227273,3.000000,2021-12-17T00:00:00+00:00,2026-05-06T00:00:00+00:00,"Aggregated from stored representative examples, not full event ledger."
PATTERN_000103,AMBA,0,3,0,0.000000,0.000000,-1.000000,3.000000,2021-09-10T00:00:00+00:00,2021-09-20T00:00:00+00:00,"Aggregated from stored representative examples, not full event ledger."
PATTERN_000103,CRDO,0,1,0,1.000000,2.500000,2.500000,0.000000,2023-02-13T00:00:00+00:00,2023-02-13T00:00:00+00:00,"Aggregated from stored representative examples, not full event ledger."
PATTERN_000103,DLO,0,1,0,1.000000,2.500000,2.500000,0.000000,2021-09-23T00:00:00+00:00,2021-09-23T00:00:00+00:00,"Aggregated from stored representative examples, not full event ledger."
PATTERN_000103,ENPH,0,6,0,0.500000,2.500000,0.750000,3.000000,2021-11-04T00:00:00+00:00,2021-12-01T00:00:00+00:00,"Aggregated from stored representative examples, not full event ledger."
PATTERN_000104,ACMR,0,1,0,0.000000,0.000000,-1.000000,1.000000,2021-12-14T00:00:00+00:00,2021-12-14T00:00:00+00:00,"Aggregated from stored representative examples, not full event ledger."
PATTERN_000104,AEO,0,2,0,1.000000,3.216700,1.608350,0.000000,2022-01-13T00:00:00+00:00,2022-02-17T00:00:00+00:00,"Aggregated from stored representative examples, not full event ledger."
PATTERN_000104,APPF,0,1,0,0.000000,0.000000,-1.000000,1.000000,2022-01-13T00:00:00+00:00,2022-01-13T00:00:00+00:00,"Aggregated from stored representative examples, not full event ledger."
PATTERN_000104,CARG,0,1,0,0.000000,0.000000,-1.000000,1.000000,2022-01-27T00:00:00+00:00,2022-01-27T00:00:00+00:00,"Aggregated from stored representative examples, not full event ledger."
PATTERN_000104,CRDO,0,1,0,0.000000,0.000000,-1.000000,1.000000,2022-11-07T00:00:00+00:00,2022-11-07T00:00:00+00:00,"Aggregated from stored representative examples, not full event ledger."
PATTERN_000104,FIVN,0,1,0,1.000000,2.500000,2.500000,0.000000,2022-02-17T00:00:00+00:00,2022-02-17T00:00:00+00:00,"Aggregated from stored representative examples, not full event ledger."
PATTERN_000104,GH,0,1,0,1.000000,2.500000,2.500000,0.000000,2022-02-17T00:00:00+00:00,2022-02-17T00:00:00+00:00,"Aggregated from stored representative examples, not full event ledger."
PATTERN_000104,INSP,0,2,0,1.000000,5.000000,2.500000,0.000000,2022-01-05T00:00:00+00:00,2022-01-13T00:00:00+00:00,"Aggregated from stored representative examples, not full event ledger."
PATTERN_000104,IOVA,0,1,0,1.000000,2.500000,2.500000,0.000000,2022-02-17T00:00:00+00:00,2022-02-17T00:00:00+00:00,"Aggregated from stored representative examples, not full event ledger."
PATTERN_000105,ACMR,0,2,0,0.000000,0.000000,-1.000000,2.000000,2021-08-16T00:00:00+00:00,2021-08-19T00:00:00+00:00,"Aggregated from stored representative examples, not full event ledger."
PATTERN_000105,ALGM,0,1,0,1.000000,1.343500,1.343500,0.000000,2022-02-09T00:00:00+00:00,2022-02-09T00:00:00+00:00,"Aggregated from stored representative examples, not full event ledger."
PATTERN_000105,AMBA,0,1,0,0.000000,0.000000,-1.000000,1.000000,2022-01-27T00:00:00+00:00,2022-01-27T00:00:00+00:00,"Aggregated from stored representative examples, not full event ledger."
PATTERN_000105,CROX,0,1,0,1.000000,2.500000,2.500000,0.000000,2022-01-05T00:00:00+00:00,2022-01-05T00:00:00+00:00,"Aggregated from stored representative examples, not full event ledger."
PATTERN_000105,GH,0,3,0,1.000000,7.500000,2.500000,0.000000,2021-11-04T00:00:00+00:00,2022-02-14T00:00:00+00:00,"Aggregated from stored representative examples, not full event ledger."
PATTERN_000105,INSP,0,1,0,0.000000,0.000000,-1.000000,1.000000,2021-12-28T00:00:00+00:00,2021-12-28T00:00:00+00:00,"Aggregated from stored representative examples, not full event ledger."
PATTERN_000105,IOVA,0,2,0,1.000000,5.000000,2.500000,0.000000,2022-02-09T00:00:00+00:00,2022-02-14T00:00:00+00:00,"Aggregated from stored representative examples, not full event ledger."
PATTERN_000106,ACMR,0,3,0,0.333333,0.065650,-0.622900,1.868700,2021-12-31T00:00:00+00:00,2022-01-10T00:00:00+00:00,"Aggregated from stored representative examples, not full event ledger."
PATTERN_000106,CRDO,0,1,0,0.000000,0.000000,-1.000000,1.000000,2022-05-09T00:00:00+00:00,2022-05-09T00:00:00+00:00,"Aggregated from stored representative examples, not full event ledger."
PATTERN_000106,ENPH,0,1,0,0.000000,0.000000,-1.000000,1.000000,2022-01-19T00:00:00+00:00,2022-01-19T00:00:00+00:00,"Aggregated from stored representative examples, not full event ledger."
PATTERN_000106,HIMS,0,1,0,1.000000,2.500000,2.500000,0.000000,2021-12-31T00:00:00+00:00,2021-12-31T00:00:00+00:00,"Aggregated from stored representative examples, not full event ledger."
PATTERN_000106,IOVA,0,3,0,1.000000,7.500000,2.500000,0.000000,2021-12-22T00:00:00+00:00,2021-12-31T00:00:00+00:00,"Aggregated from stored representative examples, not full event ledger."
PATTERN_000107,ACMR,0,3,0,0.000000,0.000000,-1.000000,3.000000,2021-09-23T00:00:00+00:00,2021-10-27T00:00:00+00:00,"Aggregated from stored representative examples, not full event ledger."
PATTERN_000107,CRDO,0,1,0,0.000000,0.000000,-1.000000,1.000000,2022-12-23T00:00:00+00:00,2022-12-23T00:00:00+00:00,"Aggregated from stored representative examples, not full event ledger."
PATTERN_000107,CROX,0,1,0,1.000000,1.386100,1.386100,0.000000,2021-12-17T00:00:00+00:00,2021-12-17T00:00:00+00:00,"Aggregated from stored representative examples, not full event ledger."
PATTERN_000107,ENPH,0,4,0,1.000000,8.169100,2.042275,0.000000,2021-08-16T00:00:00+00:00,2022-01-05T00:00:00+00:00,"Aggregated from stored representative examples, not full event ledger."
PATTERN_000107,INSP,0,1,0,0.000000,0.000000,-1.000000,1.000000,2021-10-22T00:00:00+00:00,2021-10-22T00:00:00+00:00,"Aggregated from stored representative examples, not full event ledger."
PATTERN_000107,IOVA,0,1,0,1.000000,2.500000,2.500000,0.000000,2021-10-27T00:00:00+00:00,2021-10-27T00:00:00+00:00,"Aggregated from stored representative examples, not full event ledger."
PATTERN_000127,MNDY,0,3,0,0.000000,0.000000,-1.000000,3.000000,2022-02-04T00:00:00+00:00,2022-02-28T00:00:00+00:00,"Aggregated from stored representative examples, not full event ledger."
PATTERN_000127,NXT,0,6,0,0.666667,4.581950,1.193983,2.000000,2024-05-17T00:00:00+00:00,2024-10-01T00:00:00+00:00,"Aggregated from stored representative examples, not full event ledger."
PATTERN_000127,OLLI,0,2,0,1.000000,3.242200,1.621100,0.000000,2021-12-31T00:00:00+00:00,2022-01-19T00:00:00+00:00,"Aggregated from stored representative examples, not full event ledger."
PATTERN_000128,LRN,0,3,0,0.000000,0.000000,-1.000000,3.000000,2021-11-04T00:00:00+00:00,2022-02-01T00:00:00+00:00,"Aggregated from stored representative examples, not full event ledger."
PATTERN_000128,MNDY,0,1,0,0.000000,0.000000,-1.000000,1.000000,2026-04-07T00:00:00+00:00,2026-04-07T00:00:00+00:00,"Aggregated from stored representative examples, not full event ledger."
PATTERN_000128,OLLI,0,6,0,0.666667,5.000000,1.333333,2.000000,2022-03-03T00:00:00+00:00,2025-03-13T00:00:00+00:00,"Aggregated from stored representative examples, not full event ledger."
PATTERN_000129,MNDY,0,2,0,0.000000,0.000000,-1.000000,2.000000,2021-08-24T00:00:00+00:00,2021-08-27T00:00:00+00:00,"Aggregated from stored representative examples, not full event ledger."
PATTERN_000129,NXT,0,9,0,0.777778,6.034650,1.118811,1.000000,2023-06-08T00:00:00+00:00,2025-02-25T00:00:00+00:00,"Aggregated from stored representative examples, not full event ledger."
PATTERN_000143,MNDY,0,3,0,0.000000,0.000000,-1.000000,3.000000,2021-08-19T00:00:00+00:00,2021-10-27T00:00:00+00:00,"Aggregated from stored representative examples, not full event ledger."
PATTERN_000143,NXT,0,1,0,1.000000,1.134700,1.134700,0.000000,2025-03-18T00:00:00+00:00,2025-03-18T00:00:00+00:00,"Aggregated from stored representative examples, not full event ledger."
PATTERN_000143,SEDG,0,3,0,0.000000,0.000000,-1.000000,3.000000,2021-08-19T00:00:00+00:00,2021-10-01T00:00:00+00:00,"Aggregated from stored representative examples, not full event ledger."
PATTERN_000143,SG,0,1,0,1.000000,2.500000,2.500000,0.000000,2022-10-31T00:00:00+00:00,2022-10-31T00:00:00+00:00,"Aggregated from stored representative examples, not full event ledger."
PATTERN_000143,SKYW,0,3,0,1.000000,7.500000,2.500000,0.000000,2021-10-14T00:00:00+00:00,2021-11-22T00:00:00+00:00,"Aggregated from stored representative examples, not full event ledger."
PATTERN_000144,RXRX,0,1,0,0.000000,0.000000,-1.000000,1.000000,2021-09-20T00:00:00+00:00,2021-09-20T00:00:00+00:00,"Aggregated from stored representative examples, not full event ledger."
PATTERN_000144,SG,0,2,0,0.000000,0.000000,-1.000000,2.000000,2022-01-31T00:00:00+00:00,2022-02-08T00:00:00+00:00,"Aggregated from stored representative examples, not full event ledger."
PATTERN_000144,SOUN,0,8,0,0.500000,2.892347,0.817825,3.457400,2022-12-23T00:00:00+00:00,2023-09-22T00:00:00+00:00,"Aggregated from stored representative examples, not full event ledger."
PATTERN_000160,AMBA,0,3,0,0.333333,1.250000,0.166667,2.000000,2021-09-23T00:00:00+00:00,2022-12-01T00:00:00+00:00,"Aggregated from stored representative examples, not full event ledger."
PATTERN_000160,APPF,0,1,0,0.000000,0.000000,-1.000000,1.000000,2024-02-22T00:00:00+00:00,2024-02-22T00:00:00+00:00,"Aggregated from stored representative examples, not full event ledger."
PATTERN_000160,ARWR,0,3,0,0.666667,25.472038,1.356567,0.166300,2022-07-18T00:00:00+00:00,2025-09-25T00:00:00+00:00,"Aggregated from stored representative examples, not full event ledger."
PATTERN_000160,BROS,0,3,0,0.666667,5.000000,1.333333,1.000000,2021-10-12T00:00:00+00:00,2024-06-03T00:00:00+00:00,"Aggregated from stored representative examples, not full event ledger."
PATTERN_000175,HIMS,0,5,0,0.200000,0.625000,-0.300000,3.000000,2021-09-15T00:00:00+00:00,2022-12-22T00:00:00+00:00,"Aggregated from stored representative examples, not full event ledger."
PATTERN_000175,INSP,0,6,0,0.666667,5.000000,1.333333,2.000000,2021-07-02T00:00:00+00:00,2025-11-24T00:00:00+00:00,"Aggregated from stored representative examples, not full event ledger."
PATTERN_000176,HIMS,0,7,0,0.571429,3.081833,0.892214,2.000000,2021-07-02T00:00:00+00:00,2025-08-29T00:00:00+00:00,"Aggregated from stored representative examples, not full event ledger."
PATTERN_000176,INSP,0,2,0,0.500000,2.500000,0.750000,1.000000,2024-07-19T00:00:00+00:00,2026-02-18T00:00:00+00:00,"Aggregated from stored representative examples, not full event ledger."
PATTERN_000177,HIMS,0,5,0,0.000000,0.000000,-1.000000,5.000000,2021-08-16T00:00:00+00:00,2023-11-02T00:00:00+00:00,"Aggregated from stored representative examples, not full event ledger."
PATTERN_000177,INSP,0,6,0,1.000000,15.000000,2.500000,0.000000,2021-07-13T00:00:00+00:00,2026-04-15T00:00:00+00:00,"Aggregated from stored representative examples, not full event ledger."
PATTERN_000182,RXRX,0,1,0,0.000000,0.000000,-1.000000,1.000000,2021-09-20T00:00:00+00:00,2021-09-20T00:00:00+00:00,"Aggregated from stored representative examples, not full event ledger."
PATTERN_000182,SG,0,2,0,0.000000,0.000000,-1.000000,2.000000,2022-01-31T00:00:00+00:00,2022-02-08T00:00:00+00:00,"Aggregated from stored representative examples, not full event ledger."
PATTERN_000182,SOUN,0,1,0,0.000000,0.000000,-1.000000,1.000000,2023-09-06T00:00:00+00:00,2023-09-06T00:00:00+00:00,"Aggregated from stored representative examples, not full event ledger."
PATTERN_000182,UPST,0,6,0,0.666667,5.000000,1.333333,2.000000,2022-01-10T00:00:00+00:00,2022-02-14T00:00:00+00:00,"Aggregated from stored representative examples, not full event ledger."
PATTERN_000183,PRVA,0,2,0,0.000000,0.000000,-1.000000,2.000000,2021-12-17T00:00:00+00:00,2022-02-14T00:00:00+00:00,"Aggregated from stored representative examples, not full event ledger."
PATTERN_000183,SEDG,0,2,0,0.000000,0.000000,-1.000000,2.000000,2021-08-16T00:00:00+00:00,2021-10-14T00:00:00+00:00,"Aggregated from stored representative examples, not full event ledger."
PATTERN_000183,WING,0,7,0,0.714286,6.250000,1.500000,2.000000,2021-08-19T00:00:00+00:00,2022-02-17T00:00:00+00:00,"Aggregated from stored representative examples, not full event ledger."
PATTERN_000200,ACMR,0,1,0,0.000000,0.000000,-1.000000,1.000000,2021-09-20T00:00:00+00:00,2021-09-20T00:00:00+00:00,"Aggregated from stored representative examples, not full event ledger."
PATTERN_000200,AMBA,0,2,0,0.000000,0.000000,-1.000000,2.000000,2021-09-07T00:00:00+00:00,2021-12-01T00:00:00+00:00,"Aggregated from stored representative examples, not full event ledger."
PATTERN_000200,BROS,0,1,0,1.000000,2.500000,2.500000,0.000000,2022-08-12T00:00:00+00:00,2022-08-12T00:00:00+00:00,"Aggregated from stored representative examples, not full event ledger."
PATTERN_000200,CRDO,0,1,0,1.000000,1.052400,1.052400,0.000000,2022-11-18T00:00:00+00:00,2022-11-18T00:00:00+00:00,"Aggregated from stored representative examples, not full event ledger."
PATTERN_000200,FUBO,0,1,0,1.000000,2.500000,2.500000,0.000000,2021-11-05T00:00:00+00:00,2021-11-05T00:00:00+00:00,"Aggregated from stored representative examples, not full event ledger."
PATTERN_000200,GH,0,4,0,1.000000,10.000000,2.500000,0.000000,2021-09-10T00:00:00+00:00,2021-09-28T00:00:00+00:00,"Aggregated from stored representative examples, not full event ledger."
PATTERN_000200,INSP,0,1,0,1.000000,2.500000,2.500000,0.000000,2021-11-17T00:00:00+00:00,2021-11-17T00:00:00+00:00,"Aggregated from stored representative examples, not full event ledger."
PATTERN_000201,ACMR,0,1,0,0.000000,0.000000,-1.000000,1.000000,2021-10-01T00:00:00+00:00,2021-10-01T00:00:00+00:00,"Aggregated from stored representative examples, not full event ledger."
PATTERN_000201,AEO,0,1,0,0.000000,0.000000,-1.000000,1.000000,2021-08-19T00:00:00+00:00,2021-08-19T00:00:00+00:00,"Aggregated from stored representative examples, not full event ledger."
PATTERN_000201,ALGM,0,1,0,0.000000,0.000000,-1.000000,1.000000,2021-11-09T00:00:00+00:00,2021-11-09T00:00:00+00:00,"Aggregated from stored representative examples, not full event ledger."
PATTERN_000201,ARWR,0,1,0,0.000000,0.000000,-1.000000,1.000000,2021-10-22T00:00:00+00:00,2021-10-22T00:00:00+00:00,"Aggregated from stored representative examples, not full event ledger."
PATTERN_000201,CARG,0,2,0,0.000000,0.000000,-1.000000,2.000000,2021-09-10T00:00:00+00:00,2021-09-15T00:00:00+00:00,"Aggregated from stored representative examples, not full event ledger."
PATTERN_000201,GH,0,2,0,1.000000,5.000000,2.500000,0.000000,2021-12-22T00:00:00+00:00,2021-12-28T00:00:00+00:00,"Aggregated from stored representative examples, not full event ledger."
PATTERN_000201,INSP,0,2,0,1.000000,5.000000,2.500000,0.000000,2021-11-04T00:00:00+00:00,2021-11-09T00:00:00+00:00,"Aggregated from stored representative examples, not full event ledger."
PATTERN_000202,AMBA,0,3,0,0.000000,0.000000,-1.000000,3.000000,2021-10-22T00:00:00+00:00,2021-11-01T00:00:00+00:00,"Aggregated from stored representative examples, not full event ledger."
PATTERN_000202,CRDO,0,2,0,0.000000,0.000000,-1.000000,2.000000,2022-12-20T00:00:00+00:00,2022-12-23T00:00:00+00:00,"Aggregated from stored representative examples, not full event ledger."
PATTERN_000202,CROX,0,1,0,1.000000,1.386100,1.386100,0.000000,2021-12-17T00:00:00+00:00,2021-12-17T00:00:00+00:00,"Aggregated from stored representative examples, not full event ledger."
PATTERN_000202,ENPH,0,4,0,1.000000,10.000000,2.500000,0.000000,2021-12-22T00:00:00+00:00,2022-01-05T00:00:00+00:00,"Aggregated from stored representative examples, not full event ledger."
PATTERN_000203,ACMR,0,3,0,0.000000,0.000000,-1.000000,3.000000,2021-08-16T00:00:00+00:00,2021-08-24T00:00:00+00:00,"Aggregated from stored representative examples, not full event ledger."
PATTERN_000203,ARWR,0,1,0,1.000000,2.500000,2.500000,0.000000,2022-02-09T00:00:00+00:00,2022-02-09T00:00:00+00:00,"Aggregated from stored representative examples, not full event ledger."
PATTERN_000203,DLO,0,2,0,1.000000,5.000000,2.500000,0.000000,2021-11-09T00:00:00+00:00,2022-02-14T00:00:00+00:00,"Aggregated from stored representative examples, not full event ledger."
PATTERN_000203,ENPH,0,2,0,0.500000,0.189500,-0.405250,1.000000,2022-01-10T00:00:00+00:00,2022-01-19T00:00:00+00:00,"Aggregated from stored representative examples, not full event ledger."
PATTERN_000203,HIMS,0,2,0,1.000000,5.000000,2.500000,0.000000,2021-12-28T00:00:00+00:00,2022-01-05T00:00:00+00:00,"Aggregated from stored representative examples, not full event ledger."
PATTERN_000204,ACMR,0,2,0,0.000000,0.000000,-1.000000,2.000000,2021-09-23T00:00:00+00:00,2021-09-28T00:00:00+00:00,"Aggregated from stored representative examples, not full event ledger."
PATTERN_000204,ALGM,0,1,0,0.000000,0.000000,-1.000000,1.000000,2021-10-01T00:00:00+00:00,2021-10-01T00:00:00+00:00,"Aggregated from stored representative examples, not full event ledger."
PATTERN_000204,AX,0,1,0,1.000000,2.500000,2.500000,0.000000,2021-11-26T00:00:00+00:00,2021-11-26T00:00:00+00:00,"Aggregated from stored representative examples, not full event ledger."
PATTERN_000204,CROX,0,5,0,0.600000,3.750000,1.100000,2.000000,2021-08-19T00:00:00+00:00,2021-12-14T00:00:00+00:00,"Aggregated from stored representative examples, not full event ledger."
PATTERN_000204,DLO,0,1,0,1.000000,2.500000,2.500000,0.000000,2021-09-23T00:00:00+00:00,2021-09-23T00:00:00+00:00,"Aggregated from stored representative examples, not full event ledger."
PATTERN_000204,INSP,0,1,0,0.000000,0.000000,-0.328700,0.328700,2021-09-23T00:00:00+00:00,2021-09-23T00:00:00+00:00,"Aggregated from stored representative examples, not full event ledger."
PATTERN_000205,ACMR,0,1,0,0.000000,0.000000,-1.000000,1.000000,2022-03-24T00:00:00+00:00,2022-03-24T00:00:00+00:00,"Aggregated from stored representative examples, not full event ledger."
PATTERN_000205,AMBA,0,1,0,0.000000,0.000000,-1.000000,1.000000,2025-03-13T00:00:00+00:00,2025-03-13T00:00:00+00:00,"Aggregated from stored representative examples, not full event ledger."
PATTERN_000205,BROS,0,2,0,0.000000,0.000000,-0.780750,1.561500,2021-11-23T00:00:00+00:00,2021-12-07T00:00:00+00:00,"Aggregated from stored representative examples, not full event ledger."
PATTERN_000205,CRDO,0,1,0,1.000000,2.500000,2.500000,0.000000,2025-11-25T00:00:00+00:00,2025-11-25T00:00:00+00:00,"Aggregated from stored representative examples, not full event ledger."
PATTERN_000205,GH,0,1,0,0.000000,0.000000,-1.000000,1.000000,2022-10-27T00:00:00+00:00,2022-10-27T00:00:00+00:00,"Aggregated from stored representative examples, not full event ledger."
PATTERN_000205,HIMS,0,4,0,1.000000,10.000000,2.500000,0.000000,2025-07-10T00:00:00+00:00,2026-02-23T00:00:00+00:00,"Aggregated from stored representative examples, not full event ledger."
PATTERN_000223,AEO,0,7,0,0.428571,1.875000,0.500000,3.000000,2022-08-16T00:00:00+00:00,2026-04-20T00:00:00+00:00,"Aggregated from stored representative examples, not full event ledger."
PATTERN_000223,ALGM,0,1,0,1.000000,2.500000,2.500000,0.000000,2023-01-30T00:00:00+00:00,2023-01-30T00:00:00+00:00,"Aggregated from stored representative examples, not full event ledger."
PATTERN_000223,AMBA,0,1,0,1.000000,2.500000,2.500000,0.000000,2026-05-01T00:00:00+00:00,2026-05-01T00:00:00+00:00,"Aggregated from stored representative examples, not full event ledger."
PATTERN_000223,APPF,0,1,0,0.000000,0.000000,-1.000000,1.000000,2022-10-06T00:00:00+00:00,2022-10-06T00:00:00+00:00,"Aggregated from stored representative examples, not full event ledger."
PATTERN_000224,AEO,0,7,0,0.571429,1.716767,0.307186,3.000000,2021-09-01T00:00:00+00:00,2022-01-27T00:00:00+00:00,"Aggregated from stored representative examples, not full event ledger."
PATTERN_000224,AMBA,0,4,0,1.000000,10.000000,2.500000,0.000000,2022-02-01T00:00:00+00:00,2022-02-17T00:00:00+00:00,"Aggregated from stored representative examples, not full event ledger."
PATTERN_000225,AEO,0,3,0,0.000000,0.000000,-1.000000,3.000000,2022-01-10T00:00:00+00:00,2022-02-14T00:00:00+00:00,"Aggregated from stored representative examples, not full event ledger."
PATTERN_000225,ALGM,0,2,0,0.500000,2.500000,0.750000,1.000000,2023-04-04T00:00:00+00:00,2023-06-16T00:00:00+00:00,"Aggregated from stored representative examples, not full event ledger."
PATTERN_000225,AMBA,0,3,0,1.000000,7.357500,2.452500,0.000000,2022-07-26T00:00:00+00:00,2024-10-01T00:00:00+00:00,"Aggregated from stored representative examples, not full event ledger."
PATTERN_000225,APPF,0,3,0,0.666667,5.000000,1.333333,1.000000,2023-05-17T00:00:00+00:00,2025-05-21T00:00:00+00:00,"Aggregated from stored representative examples, not full event ledger."
PATTERN_000237,FRPT,0,1,0,0.000000,0.000000,-1.000000,1.000000,2021-12-22T00:00:00+00:00,2021-12-22T00:00:00+00:00,"Aggregated from stored representative examples, not full event ledger."
PATTERN_000237,FUBO,0,2,0,0.000000,0.000000,-1.000000,2.000000,2021-08-20T00:00:00+00:00,2021-08-25T00:00:00+00:00,"Aggregated from stored representative examples, not full event ledger."
PATTERN_000237,GH,0,1,0,1.000000,2.500000,2.500000,0.000000,2022-02-17T00:00:00+00:00,2022-02-17T00:00:00+00:00,"Aggregated from stored representative examples, not full event ledger."
PATTERN_000237,IOVA,0,2,0,1.000000,5.000000,2.500000,0.000000,2021-12-22T00:00:00+00:00,2021-12-31T00:00:00+00:00,"Aggregated from stored representative examples, not full event ledger."
PATTERN_000237,MNDY,0,3,0,1.000000,7.500000,2.500000,0.000000,2021-12-28T00:00:00+00:00,2022-02-14T00:00:00+00:00,"Aggregated from stored representative examples, not full event ledger."
PATTERN_000237,NXT,0,1,0,0.000000,0.000000,-1.000000,1.000000,2024-05-17T00:00:00+00:00,2024-05-17T00:00:00+00:00,"Aggregated from stored representative examples, not full event ledger."
PATTERN_000237,OLLI,0,1,0,1.000000,2.500000,2.500000,0.000000,2021-12-31T00:00:00+00:00,2021-12-31T00:00:00+00:00,"Aggregated from stored representative examples, not full event ledger."
PATTERN_000238,GH,0,2,0,1.000000,5.000000,2.500000,0.000000,2021-09-10T00:00:00+00:00,2021-09-15T00:00:00+00:00,"Aggregated from stored representative examples, not full event ledger."
PATTERN_000238,HIMS,0,2,0,0.500000,2.500000,0.750000,1.000000,2021-09-28T00:00:00+00:00,2021-11-17T00:00:00+00:00,"Aggregated from stored representative examples, not full event ledger."
PATTERN_000238,IOVA,0,3,0,0.333333,0.286650,-0.475567,2.000000,2021-09-20T00:00:00+00:00,2021-10-06T00:00:00+00:00,"Aggregated from stored representative examples, not full event ledger."
PATTERN_000238,NXT,0,2,0,1.000000,2.842100,1.421050,0.000000,2023-06-13T00:00:00+00:00,2025-02-14T00:00:00+00:00,"Aggregated from stored representative examples, not full event ledger."
PATTERN_000239,INSP,0,5,0,0.000000,0.000000,-0.865740,4.328700,2021-09-15T00:00:00+00:00,2021-10-01T00:00:00+00:00,"Aggregated from stored representative examples, not full event ledger."
PATTERN_000239,IOVA,0,1,0,1.000000,2.500000,2.500000,0.000000,2021-10-27T00:00:00+00:00,2021-10-27T00:00:00+00:00,"Aggregated from stored representative examples, not full event ledger."
PATTERN_000239,NXT,0,5,0,1.000000,10.463600,2.092720,0.000000,2024-03-22T00:00:00+00:00,2025-02-25T00:00:00+00:00,"Aggregated from stored representative examples, not full event ledger."
PATTERN_000258,ACMR,0,2,0,0.000000,0.000000,-1.000000,2.000000,2021-08-16T00:00:00+00:00,2021-08-19T00:00:00+00:00,"Aggregated from stored representative examples, not full event ledger."
PATTERN_000258,ALGM,0,1,0,1.000000,1.343500,1.343500,0.000000,2022-02-09T00:00:00+00:00,2022-02-09T00:00:00+00:00,"Aggregated from stored representative examples, not full event ledger."
PATTERN_000258,CARG,0,1,0,0.000000,0.000000,-1.000000,1.000000,2022-01-13T00:00:00+00:00,2022-01-13T00:00:00+00:00,"Aggregated from stored representative examples, not full event ledger."
PATTERN_000258,GH,0,2,0,0.500000,2.500000,0.750000,1.000000,2021-08-24T00:00:00+00:00,2021-12-28T00:00:00+00:00,"Aggregated from stored representative examples, not full event ledger."
PATTERN_000258,INSP,0,2,0,0.500000,2.500000,0.750000,1.000000,2021-12-28T00:00:00+00:00,2022-01-05T00:00:00+00:00,"Aggregated from stored representative examples, not full event ledger."
PATTERN_000258,IOVA,0,3,0,0.666667,5.000000,1.333333,1.000000,2021-08-24T00:00:00+00:00,2022-02-14T00:00:00+00:00,"Aggregated from stored representative examples, not full event ledger."
PATTERN_000259,ACMR,0,2,0,0.000000,0.000000,-1.000000,2.000000,2021-09-23T00:00:00+00:00,2021-09-28T00:00:00+00:00,"Aggregated from stored representative examples, not full event ledger."
PATTERN_000259,ALGM,0,1,0,0.000000,0.000000,-1.000000,1.000000,2021-10-06T00:00:00+00:00,2021-10-06T00:00:00+00:00,"Aggregated from stored representative examples, not full event ledger."
PATTERN_000259,BROS,0,1,0,1.000000,1.880100,1.880100,0.000000,2022-08-25T00:00:00+00:00,2022-08-25T00:00:00+00:00,"Aggregated from stored representative examples, not full event ledger."
PATTERN_000259,CRDO,0,2,0,1.000000,5.000000,2.500000,0.000000,2023-02-08T00:00:00+00:00,2023-02-13T00:00:00+00:00,"Aggregated from stored representative examples, not full event ledger."
PATTERN_000259,CROX,0,1,0,0.000000,0.000000,-1.000000,1.000000,2021-08-19T00:00:00+00:00,2021-08-19T00:00:00+00:00,"Aggregated from stored representative examples, not full event ledger."
PATTERN_000259,ENPH,0,1,0,1.000000,2.500000,2.500000,0.000000,2021-11-22T00:00:00+00:00,2021-11-22T00:00:00+00:00,"Aggregated from stored representative examples, not full event ledger."
PATTERN_000259,FUBO,0,1,0,1.000000,2.500000,2.500000,0.000000,2021-11-05T00:00:00+00:00,2021-11-05T00:00:00+00:00,"Aggregated from stored representative examples, not full event ledger."
PATTERN_000260,ACMR,0,3,0,0.000000,0.000000,-1.000000,3.000000,2021-09-15T00:00:00+00:00,2021-10-01T00:00:00+00:00,"Aggregated from stored representative examples, not full event ledger."
PATTERN_000260,CROX,0,1,0,1.000000,2.500000,2.500000,0.000000,2021-12-06T00:00:00+00:00,2021-12-06T00:00:00+00:00,"Aggregated from stored representative examples, not full event ledger."
PATTERN_000260,IOVA,0,6,0,0.833333,10.903700,1.650617,1.000000,2021-09-28T00:00:00+00:00,2021-11-12T00:00:00+00:00,"Aggregated from stored representative examples, not full event ledger."
PATTERN_000261,BROS,0,5,0,0.400000,1.666667,0.400000,3.000000,2021-12-15T00:00:00+00:00,2022-05-12T00:00:00+00:00,"Aggregated from stored representative examples, not full event ledger."
PATTERN_000261,CRDO,0,2,0,0.000000,0.000000,-0.552200,1.104400,2022-09-26T00:00:00+00:00,2023-01-04T00:00:00+00:00,"Aggregated from stored representative examples, not full event ledger."
PATTERN_000261,CROX,0,2,0,1.000000,5.000000,2.500000,0.000000,2021-12-22T00:00:00+00:00,2021-12-28T00:00:00+00:00,"Aggregated from stored representative examples, not full event ledger."
PATTERN_000261,ENPH,0,2,0,1.000000,5.000000,2.500000,0.000000,2021-12-28T00:00:00+00:00,2022-01-05T00:00:00+00:00,"Aggregated from stored representative examples, not full event ledger."
PATTERN_000262,AAON,0,1,0,0.000000,0.000000,-1.000000,1.000000,2021-10-19T00:00:00+00:00,2021-10-19T00:00:00+00:00,"Aggregated from stored representative examples, not full event ledger."
PATTERN_000262,AEO,0,2,0,0.000000,0.000000,-1.000000,2.000000,2021-11-12T00:00:00+00:00,2021-11-17T00:00:00+00:00,"Aggregated from stored representative examples, not full event ledger."
PATTERN_000262,ALGM,0,1,0,0.000000,0.000000,-1.000000,1.000000,2021-08-16T00:00:00+00:00,2021-08-16T00:00:00+00:00,"Aggregated from stored representative examples, not full event ledger."
PATTERN_000262,CALM,0,1,0,0.000000,0.000000,-1.000000,1.000000,2021-10-14T00:00:00+00:00,2021-10-14T00:00:00+00:00,"Aggregated from stored representative examples, not full event ledger."
PATTERN_000262,FRPT,0,1,0,0.000000,0.000000,-1.000000,1.000000,2021-09-15T00:00:00+00:00,2021-09-15T00:00:00+00:00,"Aggregated from stored representative examples, not full event ledger."
PATTERN_000262,LRN,0,5,0,0.800000,10.000000,1.800000,1.000000,2021-11-26T00:00:00+00:00,2022-01-19T00:00:00+00:00,"Aggregated from stored representative examples, not full event ledger."
PATTERN_000282,AAON,0,1,0,0.000000,0.000000,-1.000000,1.000000,2025-03-10T00:00:00+00:00,2025-03-10T00:00:00+00:00,"Aggregated from stored representative examples, not full event ledger."
PATTERN_000282,ACMR,0,3,0,0.333333,0.431600,-0.378933,2.000000,2021-12-06T00:00:00+00:00,2022-03-24T00:00:00+00:00,"Aggregated from stored representative examples, not full event ledger."
PATTERN_000282,APPF,0,1,0,0.000000,0.000000,-1.000000,1.000000,2026-02-18T00:00:00+00:00,2026-02-18T00:00:00+00:00,"Aggregated from stored representative examples, not full event ledger."
PATTERN_000282,ARWR,0,6,0,0.833333,12.500000,1.916667,1.000000,2023-03-22T00:00:00+00:00,2025-08-05T00:00:00+00:00,"Aggregated from stored representative examples, not full event ledger."
PATTERN_000283,ACMR,0,1,0,0.000000,0.000000,-1.000000,1.000000,2021-08-16T00:00:00+00:00,2021-08-16T00:00:00+00:00,"Aggregated from stored representative examples, not full event ledger."
PATTERN_000283,AEO,0,3,0,0.000000,0.000000,-1.000000,3.000000,2021-08-16T00:00:00+00:00,2021-11-17T00:00:00+00:00,"Aggregated from stored representative examples, not full event ledger."
PATTERN_000283,ARWR,0,4,0,0.500000,2.500000,0.750000,2.000000,2021-10-19T00:00:00+00:00,2021-12-28T00:00:00+00:00,"Aggregated from stored representative examples, not full event ledger."
PATTERN_000283,AX,0,2,0,1.000000,5.000000,2.500000,0.000000,2022-01-10T00:00:00+00:00,2022-02-17T00:00:00+00:00,"Aggregated from stored representative examples, not full event ledger."
PATTERN_000284,AAON,0,3,0,1.000000,7.500000,2.500000,0.000000,2021-07-13T00:00:00+00:00,2021-10-27T00:00:00+00:00,"Aggregated from stored representative examples, not full event ledger."
PATTERN_000284,AEO,0,1,0,1.000000,2.500000,2.500000,0.000000,2023-07-11T00:00:00+00:00,2023-07-11T00:00:00+00:00,"Aggregated from stored representative examples, not full event ledger."
PATTERN_000284,ALGM,0,2,0,0.000000,0.000000,-1.000000,2.000000,2025-09-09T00:00:00+00:00,2025-09-12T00:00:00+00:00,"Aggregated from stored representative examples, not full event ledger."
PATTERN_000284,AMBA,0,1,0,0.000000,0.000000,-1.000000,1.000000,2023-10-20T00:00:00+00:00,2023-10-20T00:00:00+00:00,"Aggregated from stored representative examples, not full event ledger."
PATTERN_000284,APPF,0,3,0,0.666667,2.374500,0.458167,1.000000,2025-03-13T00:00:00+00:00,2025-09-12T00:00:00+00:00,"Aggregated from stored representative examples, not full event ledger."
PATTERN_000284,AX,0,1,0,1.000000,2.500000,2.500000,0.000000,2025-11-19T00:00:00+00:00,2025-11-19T00:00:00+00:00,"Aggregated from stored representative examples, not full event ledger."
PATTERN_000285,AAON,0,3,0,0.000000,0.000000,-1.000000,3.000000,2024-05-22T00:00:00+00:00,2025-03-18T00:00:00+00:00,"Aggregated from stored representative examples, not full event ledger."
PATTERN_000285,ACMR,0,2,0,0.500000,0.558900,-0.220550,1.000000,2021-12-09T00:00:00+00:00,2022-04-28T00:00:00+00:00,"Aggregated from stored representative examples, not full event ledger."
PATTERN_000285,AMBA,0,2,0,1.000000,5.000000,2.500000,0.000000,2022-07-05T00:00:00+00:00,2024-08-22T00:00:00+00:00,"Aggregated from stored representative examples, not full event ledger."
PATTERN_000285,ARWR,0,3,0,1.000000,7.500000,2.500000,0.000000,2023-03-30T00:00:00+00:00,2025-08-08T00:00:00+00:00,"Aggregated from stored representative examples, not full event ledger."
PATTERN_000286,AAON,0,1,0,1.000000,2.500000,2.500000,0.000000,2021-12-22T00:00:00+00:00,2021-12-22T00:00:00+00:00,"Aggregated from stored representative examples, not full event ledger."
PATTERN_000286,ACMR,0,3,0,0.000000,0.000000,-1.000000,3.000000,2021-09-15T00:00:00+00:00,2021-09-23T00:00:00+00:00,"Aggregated from stored representative examples, not full event ledger."
PATTERN_000286,ALGM,0,1,0,0.000000,0.000000,-1.000000,1.000000,2021-10-01T00:00:00+00:00,2021-10-01T00:00:00+00:00,"Aggregated from stored representative examples, not full event ledger."
PATTERN_000286,AMBA,0,2,0,1.000000,5.000000,2.500000,0.000000,2021-12-22T00:00:00+00:00,2021-12-31T00:00:00+00:00,"Aggregated from stored representative examples, not full event ledger."
PATTERN_000286,AX,0,3,0,0.666667,11.405109,1.520533,0.438400,2021-11-22T00:00:00+00:00,2021-12-06T00:00:00+00:00,"Aggregated from stored representative examples, not full event ledger."
PATTERN_000298,OLLI,0,4,0,0.500000,2.500000,0.750000,2.000000,2021-08-24T00:00:00+00:00,2022-02-17T00:00:00+00:00,"Aggregated from stored representative examples, not full event ledger."
PATTERN_000298,PATH,0,5,0,0.400000,1.038500,0.023100,2.000000,2021-08-16T00:00:00+00:00,2021-12-06T00:00:00+00:00,"Aggregated from stored representative examples, not full event ledger."
PATTERN_000298,PRVA,0,2,0,1.000000,5.000000,2.500000,0.000000,2021-12-28T00:00:00+00:00,2021-12-31T00:00:00+00:00,"Aggregated from stored representative examples, not full event ledger."
PATTERN_000299,OLLI,0,3,0,0.000000,0.000000,-1.000000,3.000000,2021-10-01T00:00:00+00:00,2021-10-11T00:00:00+00:00,"Aggregated from stored representative examples, not full event ledger."
PATTERN_000299,PATH,0,3,0,0.666667,4.829376,0.865567,0.678100,2022-01-19T00:00:00+00:00,2022-02-09T00:00:00+00:00,"Aggregated from stored representative examples, not full event ledger."
PATTERN_000299,PRVA,0,5,0,0.800000,10.000000,1.800000,1.000000,2021-09-07T00:00:00+00:00,2021-11-12T00:00:00+00:00,"Aggregated from stored representative examples, not full event ledger."
PATTERN_000311,INSP,0,9,0,0.444444,2.000000,0.555556,5.000000,2021-07-02T00:00:00+00:00,2025-11-24T00:00:00+00:00,"Aggregated from stored representative examples, not full event ledger."
PATTERN_000315,CRDO,0,10,0,0.600000,3.098525,0.839410,3.000000,2022-06-03T00:00:00+00:00,2026-04-16T00:00:00+00:00,"Aggregated from stored representative examples, not full event ledger."
PATTERN_000316,CRDO,0,11,0,0.636364,4.375000,1.227273,3.000000,2022-03-09T00:00:00+00:00,2026-04-02T00:00:00+00:00,"Aggregated from stored representative examples, not full event ledger."
PATTERN_000317,CRDO,0,11,0,0.454545,2.083333,0.590909,6.000000,2022-02-24T00:00:00+00:00,2026-03-30T00:00:00+00:00,"Aggregated from stored representative examples, not full event ledger."
PATTERN_000318,CRDO,0,9,0,0.444444,2.000000,0.555556,3.000000,2022-04-04T00:00:00+00:00,2026-02-10T00:00:00+00:00,"Aggregated from stored representative examples, not full event ledger."
PATTERN_000319,CALM,0,10,0,0.500000,2.500000,0.750000,3.000000,2021-07-02T00:00:00+00:00,2026-02-26T00:00:00+00:00,"Aggregated from stored representative examples, not full event ledger."
PATTERN_000320,CALM,0,11,0,0.545455,3.009157,0.805800,4.411700,2021-07-08T00:00:00+00:00,2025-11-28T00:00:00+00:00,"Aggregated from stored representative examples, not full event ledger."
PATTERN_000331,APPF,0,10,0,0.400000,1.666667,0.400000,6.000000,2021-10-11T00:00:00+00:00,2026-03-11T00:00:00+00:00,"Aggregated from stored representative examples, not full event ledger."
PATTERN_000332,APPF,0,11,0,0.363636,1.428571,0.272727,7.000000,2021-07-08T00:00:00+00:00,2026-01-16T00:00:00+00:00,"Aggregated from stored representative examples, not full event ledger."
PATTERN_000336,FOUR,0,3,0,0.000000,0.000000,-1.000000,3.000000,2021-09-20T00:00:00+00:00,2021-12-01T00:00:00+00:00,"Aggregated from stored representative examples, not full event ledger."
PATTERN_000336,FRPT,0,5,0,0.400000,1.666667,0.400000,3.000000,2021-09-07T00:00:00+00:00,2022-02-14T00:00:00+00:00,"Aggregated from stored representative examples, not full event ledger."
PATTERN_000336,FUBO,0,3,0,1.000000,7.500000,2.500000,0.000000,2021-09-02T00:00:00+00:00,2022-02-15T00:00:00+00:00,"Aggregated from stored representative examples, not full event ledger."
PATTERN_000337,FN,0,2,0,0.000000,0.000000,-1.000000,2.000000,2022-09-12T00:00:00+00:00,2025-05-05T00:00:00+00:00,"Aggregated from stored representative examples, not full event ledger."
PATTERN_000337,FOUR,0,1,0,0.000000,0.000000,-1.000000,1.000000,2022-01-13T00:00:00+00:00,2022-01-13T00:00:00+00:00,"Aggregated from stored representative examples, not full event ledger."
PATTERN_000337,FUBO,0,8,0,0.625000,3.409200,0.903450,2.772400,2022-01-03T00:00:00+00:00,2025-08-22T00:00:00+00:00,"Aggregated from stored representative examples, not full event ledger."
PATTERN_000349,RXRX,0,2,0,0.000000,0.000000,-1.000000,2.000000,2021-08-19T00:00:00+00:00,2021-08-24T00:00:00+00:00,"Aggregated from stored representative examples, not full event ledger."
PATTERN_000349,SEDG,0,2,0,0.000000,0.000000,-1.000000,2.000000,2021-08-24T00:00:00+00:00,2021-10-14T00:00:00+00:00,"Aggregated from stored representative examples, not full event ledger."
PATTERN_000349,SKYW,0,6,0,0.833333,11.027900,1.671317,1.000000,2021-08-19T00:00:00+00:00,2022-02-09T00:00:00+00:00,"Aggregated from stored representative examples, not full event ledger."
PATTERN_000350,RXRX,0,5,0,0.400000,1.064233,0.038540,3.000000,2021-08-19T00:00:00+00:00,2024-03-27T00:00:00+00:00,"Aggregated from stored representative examples, not full event ledger."
PATTERN_000350,SEDG,0,1,0,1.000000,2.500000,2.500000,0.000000,2024-09-26T00:00:00+00:00,2024-09-26T00:00:00+00:00,"Aggregated from stored representative examples, not full event ledger."
PATTERN_000350,SG,0,5,0,1.000000,12.500000,2.500000,0.000000,2022-04-27T00:00:00+00:00,2025-04-29T00:00:00+00:00,"Aggregated from stored representative examples, not full event ledger."
PATTERN_000351,RXRX,0,2,0,0.000000,0.000000,-1.000000,2.000000,2021-08-16T00:00:00+00:00,2021-10-22T00:00:00+00:00,"Aggregated from stored representative examples, not full event ledger."
PATTERN_000351,SEDG,0,3,0,0.333333,0.658750,-0.227500,2.000000,2021-11-17T00:00:00+00:00,2021-12-14T00:00:00+00:00,"Aggregated from stored representative examples, not full event ledger."
PATTERN_000351,SG,0,6,0,0.666667,8.832362,1.477967,1.132200,2022-04-13T00:00:00+00:00,2022-09-27T00:00:00+00:00,"Aggregated from stored representative examples, not full event ledger."
PATTERN_000363,CRDO,0,5,0,0.400000,1.666667,0.400000,3.000000,2022-06-30T00:00:00+00:00,2023-06-06T00:00:00+00:00,"Aggregated from stored representative examples, not full event ledger."
PATTERN_000363,NXT,0,6,0,1.000000,10.771000,1.795167,0.000000,2023-06-13T00:00:00+00:00,2025-05-30T00:00:00+00:00,"Aggregated from stored representative examples, not full event ledger."
PATTERN_000364,BROS,0,2,0,0.000000,0.000000,-1.000000,2.000000,2022-05-25T00:00:00+00:00,2022-06-16T00:00:00+00:00,"Aggregated from stored representative examples, not full event ledger."
PATTERN_000364,CRDO,0,1,0,0.000000,0.000000,-1.000000,1.000000,2022-05-12T00:00:00+00:00,2022-05-12T00:00:00+00:00,"Aggregated from stored representative examples, not full event ledger."
PATTERN_000364,ENPH,0,1,0,0.000000,0.000000,-1.000000,1.000000,2022-01-19T00:00:00+00:00,2022-01-19T00:00:00+00:00,"Aggregated from stored representative examples, not full event ledger."
PATTERN_000364,HIMS,0,1,0,0.000000,0.000000,-1.000000,1.000000,2021-09-01T00:00:00+00:00,2021-09-01T00:00:00+00:00,"Aggregated from stored representative examples, not full event ledger."
PATTERN_000364,IOVA,0,1,0,1.000000,2.500000,2.500000,0.000000,2021-12-22T00:00:00+00:00,2021-12-22T00:00:00+00:00,"Aggregated from stored representative examples, not full event ledger."
PATTERN_000364,PRVA,0,1,0,0.000000,0.000000,-1.000000,1.000000,2021-10-27T00:00:00+00:00,2021-10-27T00:00:00+00:00,"Aggregated from stored representative examples, not full event ledger."
PATTERN_000364,RXRX,0,4,0,1.000000,10.000000,2.500000,0.000000,2021-09-07T00:00:00+00:00,2022-02-14T00:00:00+00:00,"Aggregated from stored representative examples, not full event ledger."
PATTERN_000365,BROS,0,3,0,0.000000,0.000000,-1.000000,3.000000,2021-12-20T00:00:00+00:00,2022-08-01T00:00:00+00:00,"Aggregated from stored representative examples, not full event ledger."
PATTERN_000365,CRDO,0,1,0,0.000000,0.000000,-1.000000,1.000000,2023-01-04T00:00:00+00:00,2023-01-04T00:00:00+00:00,"Aggregated from stored representative examples, not full event ledger."
PATTERN_000365,ENPH,0,1,0,0.000000,0.000000,-1.000000,1.000000,2021-08-19T00:00:00+00:00,2021-08-19T00:00:00+00:00,"Aggregated from stored representative examples, not full event ledger."
PATTERN_000365,HIMS,0,1,0,0.000000,0.000000,-1.000000,1.000000,2021-10-27T00:00:00+00:00,2021-10-27T00:00:00+00:00,"Aggregated from stored representative examples, not full event ledger."
PATTERN_000365,IOVA,0,1,0,0.000000,0.000000,-1.000000,1.000000,2021-08-16T00:00:00+00:00,2021-08-16T00:00:00+00:00,"Aggregated from stored representative examples, not full event ledger."
PATTERN_000365,NXT,0,3,0,1.000000,7.500000,2.500000,0.000000,2024-07-19T00:00:00+00:00,2024-08-01T00:00:00+00:00,"Aggregated from stored representative examples, not full event ledger."
PATTERN_000365,PRVA,0,1,0,1.000000,2.500000,2.500000,0.000000,2021-12-28T00:00:00+00:00,2021-12-28T00:00:00+00:00,"Aggregated from stored representative examples, not full event ledger."
PATTERN_000366,BROS,0,3,0,0.000000,0.000000,-1.000000,3.000000,2022-05-12T00:00:00+00:00,2022-05-20T00:00:00+00:00,"Aggregated from stored representative examples, not full event ledger."
PATTERN_000366,CROX,0,1,0,1.000000,2.500000,2.500000,0.000000,2022-01-05T00:00:00+00:00,2022-01-05T00:00:00+00:00,"Aggregated from stored representative examples, not full event ledger."
PATTERN_000366,GH,0,1,0,1.000000,2.500000,2.500000,0.000000,2021-12-17T00:00:00+00:00,2021-12-17T00:00:00+00:00,"Aggregated from stored representative examples, not full event ledger."
PATTERN_000366,INSP,0,1,0,0.000000,0.000000,-1.000000,1.000000,2021-12-28T00:00:00+00:00,2021-12-28T00:00:00+00:00,"Aggregated from stored representative examples, not full event ledger."
PATTERN_000366,IOVA,0,1,0,0.000000,0.000000,-1.000000,1.000000,2021-12-01T00:00:00+00:00,2021-12-01T00:00:00+00:00,"Aggregated from stored representative examples, not full event ledger."
PATTERN_000366,RXRX,0,1,0,1.000000,2.500000,2.500000,0.000000,2022-01-05T00:00:00+00:00,2022-01-05T00:00:00+00:00,"Aggregated from stored representative examples, not full event ledger."
PATTERN_000366,SEDG,0,3,0,1.000000,7.500000,2.500000,0.000000,2021-12-28T00:00:00+00:00,2022-01-13T00:00:00+00:00,"Aggregated from stored representative examples, not full event ledger."
PATTERN_000387,AMBA,0,3,0,0.000000,0.000000,-1.000000,3.000000,2021-09-10T00:00:00+00:00,2021-09-20T00:00:00+00:00,"Aggregated from stored representative examples, not full event ledger."
PATTERN_000387,CRDO,0,4,0,1.000000,10.000000,2.500000,0.000000,2022-08-22T00:00:00+00:00,2023-02-13T00:00:00+00:00,"Aggregated from stored representative examples, not full event ledger."
PATTERN_000387,ENPH,0,3,0,0.333333,1.250000,0.166667,2.000000,2021-11-12T00:00:00+00:00,2021-11-22T00:00:00+00:00,"Aggregated from stored representative examples, not full event ledger."
PATTERN_000388,ACMR,0,4,0,0.000000,0.000000,-1.000000,4.000000,2021-12-14T00:00:00+00:00,2021-12-31T00:00:00+00:00,"Aggregated from stored representative examples, not full event ledger."
PATTERN_000388,ENPH,0,1,0,0.000000,0.000000,-1.000000,1.000000,2022-01-19T00:00:00+00:00,2022-01-19T00:00:00+00:00,"Aggregated from stored representative examples, not full event ledger."
PATTERN_000388,FUBO,0,1,0,1.000000,2.500000,2.500000,0.000000,2021-12-23T00:00:00+00:00,2021-12-23T00:00:00+00:00,"Aggregated from stored representative examples, not full event ledger."
PATTERN_000388,GH,0,1,0,1.000000,2.500000,2.500000,0.000000,2022-02-17T00:00:00+00:00,2022-02-17T00:00:00+00:00,"Aggregated from stored representative examples, not full event ledger."
PATTERN_000388,IOVA,0,1,0,1.000000,2.500000,2.500000,0.000000,2021-12-22T00:00:00+00:00,2021-12-22T00:00:00+00:00,"Aggregated from stored representative examples, not full event ledger."
PATTERN_000388,MNDY,0,3,0,1.000000,7.500000,2.500000,0.000000,2021-12-28T00:00:00+00:00,2022-02-17T00:00:00+00:00,"Aggregated from stored representative examples, not full event ledger."
PATTERN_000389,AMBA,0,2,0,0.000000,0.000000,-1.000000,2.000000,2021-11-01T00:00:00+00:00,2021-11-04T00:00:00+00:00,"Aggregated from stored representative examples, not full event ledger."
PATTERN_000389,BROS,0,2,0,0.500000,2.500000,0.750000,1.000000,2021-11-23T00:00:00+00:00,2022-07-27T00:00:00+00:00,"Aggregated from stored representative examples, not full event ledger."
PATTERN_000389,CRDO,0,1,0,0.000000,0.000000,-1.000000,1.000000,2022-12-20T00:00:00+00:00,2022-12-20T00:00:00+00:00,"Aggregated from stored representative examples, not full event ledger."
PATTERN_000389,ENPH,0,2,0,0.000000,0.000000,-1.000000,2.000000,2021-12-14T00:00:00+00:00,2021-12-17T00:00:00+00:00,"Aggregated from stored representative examples, not full event ledger."
PATTERN_000389,MNDY,0,4,0,1.000000,10.000000,2.500000,0.000000,2021-10-01T00:00:00+00:00,2021-10-19T00:00:00+00:00,"Aggregated from stored representative examples, not full event ledger."
PATTERN_000390,AMBA,0,2,0,0.000000,0.000000,-1.000000,2.000000,2021-12-01T00:00:00+00:00,2021-12-06T00:00:00+00:00,"Aggregated from stored representative examples, not full event ledger."
PATTERN_000390,ARWR,0,1,0,0.000000,0.000000,-1.000000,1.000000,2021-12-01T00:00:00+00:00,2021-12-01T00:00:00+00:00,"Aggregated from stored representative examples, not full event ledger."
PATTERN_000390,CROX,0,2,0,0.500000,2.500000,0.750000,1.000000,2021-09-10T00:00:00+00:00,2021-12-01T00:00:00+00:00,"Aggregated from stored representative examples, not full event ledger."
PATTERN_000390,INSP,0,2,0,0.000000,0.000000,-1.000000,2.000000,2021-10-14T00:00:00+00:00,2021-12-06T00:00:00+00:00,"Aggregated from stored representative examples, not full event ledger."
PATTERN_000390,IOVA,0,3,0,1.000000,7.500000,2.500000,0.000000,2021-10-19T00:00:00+00:00,2021-11-12T00:00:00+00:00,"Aggregated from stored representative examples, not full event ledger."
PATTERN_000410,ACMR,0,6,0,0.166667,0.753375,-0.136400,3.318400,2021-09-10T00:00:00+00:00,2022-02-17T00:00:00+00:00,"Aggregated from stored representative examples, not full event ledger."
PATTERN_000410,CRDO,0,2,0,1.000000,3.552400,1.776200,0.000000,2022-11-18T00:00:00+00:00,2023-02-13T00:00:00+00:00,"Aggregated from stored representative examples, not full event ledger."
PATTERN_000410,CROX,0,2,0,1.000000,5.000000,2.500000,0.000000,2021-12-01T00:00:00+00:00,2021-12-06T00:00:00+00:00,"Aggregated from stored representative examples, not full event ledger."
PATTERN_000411,ACMR,0,3,0,0.000000,0.000000,-1.000000,3.000000,2021-09-23T00:00:00+00:00,2021-10-01T00:00:00+00:00,"Aggregated from stored representative examples, not full event ledger."
PATTERN_000411,ARWR,0,1,0,0.000000,0.000000,-1.000000,1.000000,2021-10-27T00:00:00+00:00,2021-10-27T00:00:00+00:00,"Aggregated from stored representative examples, not full event ledger."
PATTERN_000411,CARG,0,3,0,0.000000,0.000000,-1.000000,3.000000,2021-09-10T00:00:00+00:00,2021-11-01T00:00:00+00:00,"Aggregated from stored representative examples, not full event ledger."
PATTERN_000411,CROX,0,4,0,1.000000,10.000000,2.500000,0.000000,2021-11-12T00:00:00+00:00,2021-12-28T00:00:00+00:00,"Aggregated from stored representative examples, not full event ledger."
PATTERN_000412,AAON,0,2,0,0.000000,0.000000,-1.000000,2.000000,2022-02-14T00:00:00+00:00,2022-02-17T00:00:00+00:00,"Aggregated from stored representative examples, not full event ledger."
PATTERN_000412,ACMR,0,1,0,0.000000,0.000000,-1.000000,1.000000,2022-02-01T00:00:00+00:00,2022-02-01T00:00:00+00:00,"Aggregated from stored representative examples, not full event ledger."
PATTERN_000412,AEO,0,1,0,0.000000,0.000000,-1.000000,1.000000,2022-01-27T00:00:00+00:00,2022-01-27T00:00:00+00:00,"Aggregated from stored representative examples, not full event ledger."
PATTERN_000412,APPF,0,1,0,1.000000,0.062900,0.062900,0.000000,2021-10-14T00:00:00+00:00,2021-10-14T00:00:00+00:00,"Aggregated from stored representative examples, not full event ledger."
PATTERN_000412,CARG,0,2,0,0.500000,0.460100,-0.269950,1.000000,2022-01-24T00:00:00+00:00,2022-02-01T00:00:00+00:00,"Aggregated from stored representative examples, not full event ledger."
PATTERN_000412,CRDO,0,4,0,1.000000,10.000000,2.500000,0.000000,2023-05-05T00:00:00+00:00,2023-05-18T00:00:00+00:00,"Aggregated from stored representative examples, not full event ledger."
PATTERN_000413,AAON,0,4,0,1.000000,10.000000,2.500000,0.000000,2022-11-04T00:00:00+00:00,2026-02-04T00:00:00+00:00,"Aggregated from stored representative examples, not full event ledger."
PATTERN_000413,AEO,0,1,0,0.000000,0.000000,-1.000000,1.000000,2026-04-23T00:00:00+00:00,2026-04-23T00:00:00+00:00,"Aggregated from stored representative examples, not full event ledger."
PATTERN_000413,AMBA,0,1,0,0.000000,0.000000,-1.000000,1.000000,2021-12-28T00:00:00+00:00,2021-12-28T00:00:00+00:00,"Aggregated from stored representative examples, not full event ledger."
PATTERN_000413,CALM,0,2,0,0.000000,0.000000,-1.000000,2.000000,2023-12-26T00:00:00+00:00,2024-10-14T00:00:00+00:00,"Aggregated from stored representative examples, not full event ledger."
PATTERN_000413,CARG,0,3,0,0.333333,1.250000,0.166667,1.000000,2023-01-20T00:00:00+00:00,2023-01-30T00:00:00+00:00,"Aggregated from stored representative examples, not full event ledger."
PATTERN_000432,CALM,0,11,0,0.727273,4.516600,0.959073,3.000000,2022-04-28T00:00:00+00:00,2024-05-17T00:00:00+00:00,"Aggregated from stored representative examples, not full event ledger."
PATTERN_000433,CALM,0,11,0,0.727273,5.828200,1.316782,3.000000,2021-07-02T00:00:00+00:00,2024-06-24T00:00:00+00:00,"Aggregated from stored representative examples, not full event ledger."
PATTERN_000435,AEO,0,5,0,0.400000,1.666667,0.400000,3.000000,2021-08-06T00:00:00+00:00,2025-11-03T00:00:00+00:00,"Aggregated from stored representative examples, not full event ledger."
PATTERN_000435,ALGM,0,5,0,0.800000,10.000000,1.800000,1.000000,2021-11-26T00:00:00+00:00,2023-12-04T00:00:00+00:00,"Aggregated from stored representative examples, not full event ledger."
PATTERN_000447,ALGM,0,10,0,0.600000,3.750000,1.100000,3.000000,2021-08-16T00:00:00+00:00,2026-04-28T00:00:00+00:00,"Aggregated from stored representative examples, not full event ledger."
PATTERN_000453,FN,0,3,0,0.000000,0.000000,-1.000000,3.000000,2021-07-02T00:00:00+00:00,2021-07-13T00:00:00+00:00,"Aggregated from stored representative examples, not full event ledger."
PATTERN_000453,FOUR,0,4,0,0.250000,0.833333,-0.125000,2.000000,2024-10-25T00:00:00+00:00,2025-07-31T00:00:00+00:00,"Aggregated from stored representative examples, not full event ledger."
PATTERN_000453,ZETA,0,4,0,1.000000,10.000000,2.500000,0.000000,2025-01-24T00:00:00+00:00,2025-12-16T00:00:00+00:00,"Aggregated from stored representative examples, not full event ledger."
PATTERN_000466,ACMR,0,2,0,0.000000,0.000000,-1.000000,2.000000,2021-09-15T00:00:00+00:00,2021-09-20T00:00:00+00:00,"Aggregated from stored representative examples, not full event ledger."
PATTERN_000466,BROS,0,2,0,0.500000,2.500000,0.750000,1.000000,2022-02-02T00:00:00+00:00,2022-04-12T00:00:00+00:00,"Aggregated from stored representative examples, not full event ledger."
PATTERN_000466,CRDO,0,2,0,1.000000,2.136600,1.068300,0.000000,2022-11-18T00:00:00+00:00,2022-11-23T00:00:00+00:00,"Aggregated from stored representative examples, not full event ledger."
PATTERN_000466,DLO,0,1,0,1.000000,2.500000,2.500000,0.000000,2022-02-28T00:00:00+00:00,2022-02-28T00:00:00+00:00,"Aggregated from stored representative examples, not full event ledger."
PATTERN_000466,FUBO,0,3,0,1.000000,7.050900,2.350300,0.000000,2021-11-03T00:00:00+00:00,2021-11-11T00:00:00+00:00,"Aggregated from stored representative examples, not full event ledger."
PATTERN_000466,HIMS,0,1,0,0.000000,0.000000,-1.000000,1.000000,2021-10-01T00:00:00+00:00,2021-10-01T00:00:00+00:00,"Aggregated from stored representative examples, not full event ledger."
PATTERN_000467,ACMR,0,1,0,0.000000,0.000000,-0.100600,0.100600,2021-10-14T00:00:00+00:00,2021-10-14T00:00:00+00:00,"Aggregated from stored representative examples, not full event ledger."
PATTERN_000467,AMBA,0,3,0,0.000000,0.000000,-1.000000,3.000000,2021-10-11T00:00:00+00:00,2021-12-06T00:00:00+00:00,"Aggregated from stored representative examples, not full event ledger."
PATTERN_000467,CRDO,0,1,0,1.000000,1.675000,1.675000,0.000000,2022-12-02T00:00:00+00:00,2022-12-02T00:00:00+00:00,"Aggregated from stored representative examples, not full event ledger."
PATTERN_000467,CROX,0,3,0,1.000000,7.500000,2.500000,0.000000,2021-12-01T00:00:00+00:00,2021-12-09T00:00:00+00:00,"Aggregated from stored representative examples, not full event ledger."
PATTERN_000467,ENPH,0,1,0,1.000000,2.500000,2.500000,0.000000,2021-12-01T00:00:00+00:00,2021-12-01T00:00:00+00:00,"Aggregated from stored representative examples, not full event ledger."
PATTERN_000467,FUBO,0,1,0,1.000000,2.500000,2.500000,0.000000,2021-11-16T00:00:00+00:00,2021-11-16T00:00:00+00:00,"Aggregated from stored representative examples, not full event ledger."
PATTERN_000468,ACMR,0,1,0,0.000000,0.000000,-1.000000,1.000000,2021-08-19T00:00:00+00:00,2021-08-19T00:00:00+00:00,"Aggregated from stored representative examples, not full event ledger."
PATTERN_000468,AMBA,0,1,0,0.000000,0.000000,-1.000000,1.000000,2022-02-04T00:00:00+00:00,2022-02-04T00:00:00+00:00,"Aggregated from stored representative examples, not full event ledger."
PATTERN_000468,BROS,0,1,0,0.000000,0.000000,-1.000000,1.000000,2022-03-17T00:00:00+00:00,2022-03-17T00:00:00+00:00,"Aggregated from stored representative examples, not full event ledger."
PATTERN_000468,CRDO,0,1,0,1.000000,1.125700,1.125700,0.000000,2022-04-18T00:00:00+00:00,2022-04-18T00:00:00+00:00,"Aggregated from stored representative examples, not full event ledger."
PATTERN_000468,CROX,0,1,0,1.000000,2.500000,2.500000,0.000000,2021-12-28T00:00:00+00:00,2021-12-28T00:00:00+00:00,"Aggregated from stored representative examples, not full event ledger."
PATTERN_000468,FOUR,0,1,0,1.000000,2.500000,2.500000,0.000000,2022-02-09T00:00:00+00:00,2022-02-09T00:00:00+00:00,"Aggregated from stored representative examples, not full event ledger."
PATTERN_000468,FUBO,0,1,0,1.000000,2.500000,2.500000,0.000000,2021-12-08T00:00:00+00:00,2021-12-08T00:00:00+00:00,"Aggregated from stored representative examples, not full event ledger."
PATTERN_000468,HIMS,0,2,0,0.000000,0.000000,-1.000000,2.000000,2021-10-27T00:00:00+00:00,2021-11-01T00:00:00+00:00,"Aggregated from stored representative examples, not full event ledger."
PATTERN_000468,IOVA,0,1,0,1.000000,2.500000,2.500000,0.000000,2022-02-14T00:00:00+00:00,2022-02-14T00:00:00+00:00,"Aggregated from stored representative examples, not full event ledger."
PATTERN_000469,ACMR,0,1,0,0.000000,0.000000,-1.000000,1.000000,2022-01-24T00:00:00+00:00,2022-01-24T00:00:00+00:00,"Aggregated from stored representative examples, not full event ledger."
PATTERN_000469,AMBA,0,1,0,0.000000,0.000000,-1.000000,1.000000,2022-02-23T00:00:00+00:00,2022-02-23T00:00:00+00:00,"Aggregated from stored representative examples, not full event ledger."
PATTERN_000469,ARWR,0,1,0,0.000000,0.000000,-1.000000,1.000000,2022-02-28T00:00:00+00:00,2022-02-28T00:00:00+00:00,"Aggregated from stored representative examples, not full event ledger."
PATTERN_000469,ENPH,0,2,0,0.000000,0.000000,-1.000000,2.000000,2022-01-27T00:00:00+00:00,2022-02-01T00:00:00+00:00,"Aggregated from stored representative examples, not full event ledger."
PATTERN_000469,FUBO,0,2,0,1.000000,5.000000,2.500000,0.000000,2022-01-31T00:00:00+00:00,2022-02-16T00:00:00+00:00,"Aggregated from stored representative examples, not full event ledger."
PATTERN_000469,HIMS,0,1,0,1.000000,1.698100,1.698100,0.000000,2021-09-10T00:00:00+00:00,2021-09-10T00:00:00+00:00,"Aggregated from stored representative examples, not full event ledger."
PATTERN_000469,IOVA,0,2,0,1.000000,5.000000,2.500000,0.000000,2021-12-22T00:00:00+00:00,2021-12-31T00:00:00+00:00,"Aggregated from stored representative examples, not full event ledger."
PATTERN_000470,ACMR,0,3,0,0.000000,0.000000,-1.000000,3.000000,2021-09-23T00:00:00+00:00,2021-10-01T00:00:00+00:00,"Aggregated from stored representative examples, not full event ledger."
PATTERN_000470,AX,0,2,0,0.500000,5.702555,1.030800,0.438400,2021-11-26T00:00:00+00:00,2021-12-06T00:00:00+00:00,"Aggregated from stored representative examples, not full event ledger."
PATTERN_000470,CARG,0,1,0,0.000000,0.000000,-1.000000,1.000000,2021-11-01T00:00:00+00:00,2021-11-01T00:00:00+00:00,"Aggregated from stored representative examples, not full event ledger."
PATTERN_000470,CROX,0,1,0,0.000000,0.000000,-1.000000,1.000000,2021-08-19T00:00:00+00:00,2021-08-19T00:00:00+00:00,"Aggregated from stored representative examples, not full event ledger."
PATTERN_000470,GH,0,1,0,1.000000,2.500000,2.500000,0.000000,2021-09-28T00:00:00+00:00,2021-09-28T00:00:00+00:00,"Aggregated from stored representative examples, not full event ledger."
PATTERN_000470,INSP,0,1,0,1.000000,2.500000,2.500000,0.000000,2021-11-04T00:00:00+00:00,2021-11-04T00:00:00+00:00,"Aggregated from stored representative examples, not full event ledger."
PATTERN_000470,IOVA,0,2,0,1.000000,5.000000,2.500000,0.000000,2021-10-19T00:00:00+00:00,2021-10-22T00:00:00+00:00,"Aggregated from stored representative examples, not full event ledger."
PATTERN_000490,ARWR,0,3,0,0.333333,1.250000,0.166667,2.000000,2022-02-09T00:00:00+00:00,2022-02-28T00:00:00+00:00,"Aggregated from stored representative examples, not full event ledger."
PATTERN_000490,BROS,0,1,0,0.000000,0.000000,-1.000000,1.000000,2022-05-25T00:00:00+00:00,2022-05-25T00:00:00+00:00,"Aggregated from stored representative examples, not full event ledger."
PATTERN_000490,GH,0,1,0,1.000000,2.500000,2.500000,0.000000,2022-02-17T00:00:00+00:00,2022-02-17T00:00:00+00:00,"Aggregated from stored representative examples, not full event ledger."
PATTERN_000490,HIMS,0,1,0,1.000000,2.500000,2.500000,0.000000,2022-01-05T00:00:00+00:00,2022-01-05T00:00:00+00:00,"Aggregated from stored representative examples, not full event ledger."
PATTERN_000490,MNDY,0,1,0,1.000000,2.500000,2.500000,0.000000,2022-02-17T00:00:00+00:00,2022-02-17T00:00:00+00:00,"Aggregated from stored representative examples, not full event ledger."
PATTERN_000490,PRVA,0,1,0,0.000000,0.000000,-1.000000,1.000000,2021-10-27T00:00:00+00:00,2021-10-27T00:00:00+00:00,"Aggregated from stored representative examples, not full event ledger."
PATTERN_000490,RXRX,0,3,0,1.000000,7.500000,2.500000,0.000000,2022-02-09T00:00:00+00:00,2022-02-17T00:00:00+00:00,"Aggregated from stored representative examples, not full event ledger."
PATTERN_000491,BROS,0,3,0,0.000000,0.000000,-1.000000,3.000000,2021-12-02T00:00:00+00:00,2022-07-22T00:00:00+00:00,"Aggregated from stored representative examples, not full event ledger."
PATTERN_000491,CRDO,0,1,0,0.000000,0.000000,-1.000000,1.000000,2022-12-23T00:00:00+00:00,2022-12-23T00:00:00+00:00,"Aggregated from stored representative examples, not full event ledger."
PATTERN_000491,CROX,0,2,0,1.000000,3.886100,1.943050,0.000000,2021-12-14T00:00:00+00:00,2021-12-17T00:00:00+00:00,"Aggregated from stored representative examples, not full event ledger."
PATTERN_000491,NXT,0,5,0,1.000000,12.500000,2.500000,0.000000,2024-03-22T00:00:00+00:00,2025-03-13T00:00:00+00:00,"Aggregated from stored representative examples, not full event ledger."
PATTERN_000492,ARWR,0,1,0,0.000000,0.000000,-1.000000,1.000000,2021-12-01T00:00:00+00:00,2021-12-01T00:00:00+00:00,"Aggregated from stored representative examples, not full event ledger."
PATTERN_000492,BROS,0,2,0,0.000000,0.000000,-1.000000,2.000000,2022-02-24T00:00:00+00:00,2022-03-01T00:00:00+00:00,"Aggregated from stored representative examples, not full event ledger."
PATTERN_000492,CRDO,0,1,0,1.000000,2.500000,2.500000,0.000000,2023-02-13T00:00:00+00:00,2023-02-13T00:00:00+00:00,"Aggregated from stored representative examples, not full event ledger."
PATTERN_000492,IOVA,0,1,0,1.000000,0.573300,0.573300,0.000000,2021-10-06T00:00:00+00:00,2021-10-06T00:00:00+00:00,"Aggregated from stored representative examples, not full event ledger."
PATTERN_000492,NXT,0,5,0,1.000000,9.105700,1.821140,0.000000,2024-03-11T00:00:00+00:00,2025-02-20T00:00:00+00:00,"Aggregated from stored representative examples, not full event ledger."
PATTERN_000492,PRVA,0,1,0,1.000000,2.500000,2.500000,0.000000,2021-11-17T00:00:00+00:00,2021-11-17T00:00:00+00:00,"Aggregated from stored representative examples, not full event ledger."
PATTERN_000493,BROS,0,3,0,0.000000,0.000000,-1.000000,3.000000,2021-12-15T00:00:00+00:00,2022-07-27T00:00:00+00:00,"Aggregated from stored representative examples, not full event ledger."
PATTERN_000493,CRDO,0,2,0,0.500000,18.449234,0.910850,0.104400,2022-04-07T00:00:00+00:00,2022-09-26T00:00:00+00:00,"Aggregated from stored representative examples, not full event ledger."
PATTERN_000493,DLO,0,1,0,1.000000,2.500000,2.500000,0.000000,2021-10-27T00:00:00+00:00,2021-10-27T00:00:00+00:00,"Aggregated from stored representative examples, not full event ledger."
PATTERN_000493,ENPH,0,1,0,1.000000,2.500000,2.500000,0.000000,2021-12-31T00:00:00+00:00,2021-12-31T00:00:00+00:00,"Aggregated from stored representative examples, not full event ledger."
PATTERN_000493,NXT,0,3,0,0.666667,3.585000,0.861667,1.000000,2023-07-14T00:00:00+00:00,2024-07-29T00:00:00+00:00,"Aggregated from stored representative examples, not full event ledger."
PATTERN_000493,PRVA,0,1,0,1.000000,2.500000,2.500000,0.000000,2021-12-28T00:00:00+00:00,2021-12-28T00:00:00+00:00,"Aggregated from stored representative examples, not full event ledger."
PATTERN_000494,ARWR,0,1,0,0.000000,0.000000,-1.000000,1.000000,2022-01-27T00:00:00+00:00,2022-01-27T00:00:00+00:00,"Aggregated from stored representative examples, not full event ledger."
PATTERN_000494,BROS,0,2,0,0.000000,0.000000,-1.000000,2.000000,2022-05-17T00:00:00+00:00,2022-05-20T00:00:00+00:00,"Aggregated from stored representative examples, not full event ledger."
PATTERN_000494,CROX,0,1,0,1.000000,2.500000,2.500000,0.000000,2022-01-05T00:00:00+00:00,2022-01-05T00:00:00+00:00,"Aggregated from stored representative examples, not full event ledger."
PATTERN_000494,GH,0,1,0,1.000000,2.500000,2.500000,0.000000,2021-12-17T00:00:00+00:00,2021-12-17T00:00:00+00:00,"Aggregated from stored representative examples, not full event ledger."
PATTERN_000494,INSP,0,1,0,0.000000,0.000000,-1.000000,1.000000,2021-12-28T00:00:00+00:00,2021-12-28T00:00:00+00:00,"Aggregated from stored representative examples, not full event ledger."
PATTERN_000494,IOVA,0,1,0,0.000000,0.000000,-1.000000,1.000000,2021-12-01T00:00:00+00:00,2021-12-01T00:00:00+00:00,"Aggregated from stored representative examples, not full event ledger."
PATTERN_000494,RXRX,0,4,0,1.000000,10.000000,2.500000,0.000000,2021-12-22T00:00:00+00:00,2022-01-05T00:00:00+00:00,"Aggregated from stored representative examples, not full event ledger."
PATTERN_000514,AMBA,0,3,0,0.000000,0.000000,-1.000000,3.000000,2021-09-20T00:00:00+00:00,2021-10-01T00:00:00+00:00,"Aggregated from stored representative examples, not full event ledger."
PATTERN_000514,CRDO,0,1,0,1.000000,2.500000,2.500000,0.000000,2022-08-25T00:00:00+00:00,2022-08-25T00:00:00+00:00,"Aggregated from stored representative examples, not full event ledger."
PATTERN_000514,DLO,0,1,0,1.000000,2.500000,2.500000,0.000000,2021-09-23T00:00:00+00:00,2021-09-23T00:00:00+00:00,"Aggregated from stored representative examples, not full event ledger."
PATTERN_000514,ENPH,0,4,0,0.500000,2.500000,0.750000,1.000000,2021-11-12T00:00:00+00:00,2021-11-26T00:00:00+00:00,"Aggregated from stored representative examples, not full event ledger."
PATTERN_000515,ACMR,0,1,0,0.000000,0.000000,-1.000000,1.000000,2021-08-19T00:00:00+00:00,2021-08-19T00:00:00+00:00,"Aggregated from stored representative examples, not full event ledger."
PATTERN_000515,AMBA,0,2,0,0.000000,0.000000,-1.000000,2.000000,2022-01-27T00:00:00+00:00,2022-02-04T00:00:00+00:00,"Aggregated from stored representative examples, not full event ledger."
PATTERN_000515,ENPH,0,1,0,1.000000,0.189500,0.189500,0.000000,2022-01-10T00:00:00+00:00,2022-01-10T00:00:00+00:00,"Aggregated from stored representative examples, not full event ledger."
PATTERN_000515,GH,0,2,0,0.500000,2.500000,0.750000,1.000000,2022-02-14T00:00:00+00:00,2022-02-23T00:00:00+00:00,"Aggregated from stored representative examples, not full event ledger."
PATTERN_000515,HIMS,0,1,0,1.000000,2.500000,2.500000,0.000000,2022-01-05T00:00:00+00:00,2022-01-05T00:00:00+00:00,"Aggregated from stored representative examples, not full event ledger."
PATTERN_000515,MNDY,0,4,0,1.000000,10.000000,2.500000,0.000000,2021-12-22T00:00:00+00:00,2022-02-14T00:00:00+00:00,"Aggregated from stored representative examples, not full event ledger."
PATTERN_000516,ACMR,0,4,0,0.000000,0.000000,-1.000000,4.000000,2021-09-23T00:00:00+00:00,2022-02-23T00:00:00+00:00,"Aggregated from stored representative examples, not full event ledger."
PATTERN_000516,CRDO,0,1,0,0.000000,0.000000,-1.000000,1.000000,2023-01-04T00:00:00+00:00,2023-01-04T00:00:00+00:00,"Aggregated from stored representative examples, not full event ledger."
PATTERN_000516,ENPH,0,2,0,0.500000,2.500000,0.750000,1.000000,2021-08-19T00:00:00+00:00,2021-12-22T00:00:00+00:00,"Aggregated from stored representative examples, not full event ledger."
PATTERN_000516,FN,0,1,0,1.000000,2.500000,2.500000,0.000000,2022-01-10T00:00:00+00:00,2022-01-10T00:00:00+00:00,"Aggregated from stored representative examples, not full event ledger."
PATTERN_000516,FOUR,0,1,0,1.000000,2.500000,2.500000,0.000000,2022-02-09T00:00:00+00:00,2022-02-09T00:00:00+00:00,"Aggregated from stored representative examples, not full event ledger."
PATTERN_000516,HIMS,0,2,0,0.500000,2.500000,0.750000,1.000000,2021-10-27T00:00:00+00:00,2021-11-04T00:00:00+00:00,"Aggregated from stored representative examples, not full event ledger."
PATTERN_000517,ACMR,0,3,0,0.000000,0.000000,-1.000000,3.000000,2021-09-07T00:00:00+00:00,2022-02-01T00:00:00+00:00,"Aggregated from stored representative examples, not full event ledger."
PATTERN_000517,AEO,0,2,0,0.500000,2.500000,0.750000,1.000000,2021-11-01T00:00:00+00:00,2022-02-17T00:00:00+00:00,"Aggregated from stored representative examples, not full event ledger."
PATTERN_000517,ARWR,0,1,0,0.000000,0.000000,-1.000000,1.000000,2022-01-19T00:00:00+00:00,2022-01-19T00:00:00+00:00,"Aggregated from stored representative examples, not full event ledger."
PATTERN_000517,BROS,0,1,0,1.000000,2.500000,2.500000,0.000000,2022-07-14T00:00:00+00:00,2022-07-14T00:00:00+00:00,"Aggregated from stored representative examples, not full event ledger."
PATTERN_000517,CARG,0,1,0,0.000000,0.000000,-1.000000,1.000000,2022-02-17T00:00:00+00:00,2022-02-17T00:00:00+00:00,"Aggregated from stored representative examples, not full event ledger."
PATTERN_000517,FOUR,0,1,0,1.000000,2.500000,2.500000,0.000000,2022-01-27T00:00:00+00:00,2022-01-27T00:00:00+00:00,"Aggregated from stored representative examples, not full event ledger."
PATTERN_000517,FRPT,0,1,0,1.000000,2.500000,2.500000,0.000000,2022-02-23T00:00:00+00:00,2022-02-23T00:00:00+00:00,"Aggregated from stored representative examples, not full event ledger."
PATTERN_000517,FUBO,0,1,0,0.000000,0.000000,-1.000000,1.000000,2021-09-09T00:00:00+00:00,2021-09-09T00:00:00+00:00,"Aggregated from stored representative examples, not full event ledger."
PATTERN_000518,ACMR,0,1,0,0.000000,0.000000,-1.000000,1.000000,2022-01-24T00:00:00+00:00,2022-01-24T00:00:00+00:00,"Aggregated from stored representative examples, not full event ledger."
PATTERN_000518,BROS,0,4,0,0.250000,0.833333,-0.125000,3.000000,2022-01-03T00:00:00+00:00,2022-01-14T00:00:00+00:00,"Aggregated from stored representative examples, not full event ledger."
PATTERN_000518,CRDO,0,1,0,1.000000,2.500000,2.500000,0.000000,2023-04-19T00:00:00+00:00,2023-04-19T00:00:00+00:00,"Aggregated from stored representative examples, not full event ledger."
PATTERN_000518,ENPH,0,1,0,0.000000,0.000000,-1.000000,1.000000,2022-02-01T00:00:00+00:00,2022-02-01T00:00:00+00:00,"Aggregated from stored representative examples, not full event ledger."
PATTERN_000518,HIMS,0,1,0,1.000000,1.698100,1.698100,0.000000,2021-09-10T00:00:00+00:00,2021-09-10T00:00:00+00:00,"Aggregated from stored representative examples, not full event ledger."
PATTERN_000518,MNDY,0,3,0,1.000000,7.500000,2.500000,0.000000,2022-02-01T00:00:00+00:00,2022-02-17T00:00:00+00:00,"Aggregated from stored representative examples, not full event ledger."
PATTERN_000537,ACMR,0,3,0,0.000000,0.000000,-1.000000,3.000000,2021-09-07T00:00:00+00:00,2022-02-04T00:00:00+00:00,"Aggregated from stored representative examples, not full event ledger."
PATTERN_000537,CARG,0,1,0,1.000000,2.500000,2.500000,0.000000,2022-02-17T00:00:00+00:00,2022-02-17T00:00:00+00:00,"Aggregated from stored representative examples, not full event ledger."
PATTERN_000537,CRDO,0,1,0,1.000000,1.052400,1.052400,0.000000,2022-11-18T00:00:00+00:00,2022-11-18T00:00:00+00:00,"Aggregated from stored representative examples, not full event ledger."
PATTERN_000537,NXT,0,4,0,0.750000,5.917200,1.229300,1.000000,2023-12-07T00:00:00+00:00,2024-11-20T00:00:00+00:00,"Aggregated from stored representative examples, not full event ledger."
PATTERN_000537,PRVA,0,2,0,1.000000,5.000000,2.500000,0.000000,2021-11-12T00:00:00+00:00,2021-11-17T00:00:00+00:00,"Aggregated from stored representative examples, not full event ledger."
PATTERN_000538,ACMR,0,1,0,0.000000,0.000000,-1.000000,1.000000,2021-08-19T00:00:00+00:00,2021-08-19T00:00:00+00:00,"Aggregated from stored representative examples, not full event ledger."
PATTERN_000538,AMBA,0,1,0,0.000000,0.000000,-1.000000,1.000000,2022-02-04T00:00:00+00:00,2022-02-04T00:00:00+00:00,"Aggregated from stored representative examples, not full event ledger."
PATTERN_000538,BROS,0,1,0,0.000000,0.000000,-1.000000,1.000000,2021-12-20T00:00:00+00:00,2021-12-20T00:00:00+00:00,"Aggregated from stored representative examples, not full event ledger."
PATTERN_000538,CRDO,0,1,0,0.000000,0.000000,-1.000000,1.000000,2023-01-04T00:00:00+00:00,2023-01-04T00:00:00+00:00,"Aggregated from stored representative examples, not full event ledger."
PATTERN_000538,CROX,0,2,0,1.000000,5.000000,2.500000,0.000000,2021-12-28T00:00:00+00:00,2022-01-05T00:00:00+00:00,"Aggregated from stored representative examples, not full event ledger."
PATTERN_000538,ENPH,0,1,0,0.000000,0.000000,-1.000000,1.000000,2021-08-19T00:00:00+00:00,2021-08-19T00:00:00+00:00,"Aggregated from stored representative examples, not full event ledger."
PATTERN_000538,NXT,0,2,0,0.500000,2.500000,0.750000,1.000000,2023-07-24T00:00:00+00:00,2025-03-13T00:00:00+00:00,"Aggregated from stored representative examples, not full event ledger."
PATTERN_000538,PRVA,0,2,0,1.000000,5.000000,2.500000,0.000000,2021-12-28T00:00:00+00:00,2021-12-31T00:00:00+00:00,"Aggregated from stored representative examples, not full event ledger."
PATTERN_000539,ACMR,0,3,0,0.666667,5.000000,1.333333,1.000000,2022-02-09T00:00:00+00:00,2022-02-23T00:00:00+00:00,"Aggregated from stored representative examples, not full event ledger."
PATTERN_000539,BROS,0,3,0,0.333333,1.250000,0.166667,2.000000,2022-01-28T00:00:00+00:00,2022-04-12T00:00:00+00:00,"Aggregated from stored representative examples, not full event ledger."
PATTERN_000539,MNDY,0,1,0,1.000000,2.500000,2.500000,0.000000,2021-12-22T00:00:00+00:00,2021-12-22T00:00:00+00:00,"Aggregated from stored representative examples, not full event ledger."
PATTERN_000539,NXT,0,1,0,0.000000,0.000000,-1.000000,1.000000,2023-05-01T00:00:00+00:00,2023-05-01T00:00:00+00:00,"Aggregated from stored representative examples, not full event ledger."
PATTERN_000539,PRVA,0,1,0,0.000000,0.000000,-1.000000,1.000000,2022-02-09T00:00:00+00:00,2022-02-09T00:00:00+00:00,"Aggregated from stored representative examples, not full event ledger."
PATTERN_000560,AMBA,0,3,0,0.000000,0.000000,-1.000000,3.000000,2021-09-07T00:00:00+00:00,2021-09-15T00:00:00+00:00,"Aggregated from stored representative examples, not full event ledger."
PATTERN_000560,IOVA,0,6,0,0.666667,3.238500,0.746167,1.000000,2021-09-23T00:00:00+00:00,2021-11-12T00:00:00+00:00,"Aggregated from stored representative examples, not full event ledger."
PATTERN_000560,MNDY,0,1,0,1.000000,2.500000,2.500000,0.000000,2021-11-09T00:00:00+00:00,2021-11-09T00:00:00+00:00,"Aggregated from stored representative examples, not full event ledger."
PATTERN_000560,NXT,0,1,0,1.000000,2.500000,2.500000,0.000000,2023-06-13T00:00:00+00:00,2023-06-13T00:00:00+00:00,"Aggregated from stored representative examples, not full event ledger."
PATTERN_000561,BROS,0,4,0,0.250000,0.833333,-0.125000,3.000000,2021-12-02T00:00:00+00:00,2022-03-30T00:00:00+00:00,"Aggregated from stored representative examples, not full event ledger."
PATTERN_000561,CRDO,0,2,0,0.500000,1.926100,0.463050,1.000000,2022-04-07T00:00:00+00:00,2022-12-20T00:00:00+00:00,"Aggregated from stored representative examples, not full event ledger."
PATTERN_000561,DLO,0,1,0,1.000000,2.500000,2.500000,0.000000,2021-10-27T00:00:00+00:00,2021-10-27T00:00:00+00:00,"Aggregated from stored representative examples, not full event ledger."
PATTERN_000561,ENPH,0,3,0,1.000000,7.500000,2.500000,0.000000,2021-12-28T00:00:00+00:00,2022-01-05T00:00:00+00:00,"Aggregated from stored representative examples, not full event ledger."
PATTERN_000561,NXT,0,1,0,0.000000,0.000000,-1.000000,1.000000,2023-07-14T00:00:00+00:00,2023-07-14T00:00:00+00:00,"Aggregated from stored representative examples, not full event ledger."
PATTERN_000562,AMBA,0,1,0,0.000000,0.000000,-1.000000,1.000000,2022-02-23T00:00:00+00:00,2022-02-23T00:00:00+00:00,"Aggregated from stored representative examples, not full event ledger."
PATTERN_000562,ARWR,0,2,0,0.000000,0.000000,-1.000000,2.000000,2021-08-19T00:00:00+00:00,2022-02-23T00:00:00+00:00,"Aggregated from stored representative examples, not full event ledger."
PATTERN_000562,ENPH,0,1,0,0.000000,0.000000,-1.000000,1.000000,2022-01-19T00:00:00+00:00,2022-01-19T00:00:00+00:00,"Aggregated from stored representative examples, not full event ledger."
PATTERN_000562,HIMS,0,1,0,0.000000,0.000000,-1.000000,1.000000,2021-09-01T00:00:00+00:00,2021-09-01T00:00:00+00:00,"Aggregated from stored representative examples, not full event ledger."
PATTERN_000562,IOVA,0,2,0,1.000000,5.000000,2.500000,0.000000,2021-12-22T00:00:00+00:00,2021-12-28T00:00:00+00:00,"Aggregated from stored representative examples, not full event ledger."
PATTERN_000562,MNDY,0,3,0,1.000000,7.500000,2.500000,0.000000,2021-12-31T00:00:00+00:00,2022-02-17T00:00:00+00:00,"Aggregated from stored representative examples, not full event ledger."
PATTERN_000582,ACMR,0,1,0,0.000000,0.000000,-1.000000,1.000000,2021-12-22T00:00:00+00:00,2021-12-22T00:00:00+00:00,"Aggregated from stored representative examples, not full event ledger."
PATTERN_000582,ALGM,0,1,0,1.000000,1.343500,1.343500,0.000000,2022-02-09T00:00:00+00:00,2022-02-09T00:00:00+00:00,"Aggregated from stored representative examples, not full event ledger."
PATTERN_000582,AMBA,0,1,0,0.000000,0.000000,-1.000000,1.000000,2022-02-04T00:00:00+00:00,2022-02-04T00:00:00+00:00,"Aggregated from stored representative examples, not full event ledger."
PATTERN_000582,ARWR,0,1,0,1.000000,2.500000,2.500000,0.000000,2022-02-01T00:00:00+00:00,2022-02-01T00:00:00+00:00,"Aggregated from stored representative examples, not full event ledger."
PATTERN_000582,BROS,0,1,0,0.000000,0.000000,-1.000000,1.000000,2022-05-25T00:00:00+00:00,2022-05-25T00:00:00+00:00,"Aggregated from stored representative examples, not full event ledger."
PATTERN_000582,INSP,0,1,0,0.000000,0.000000,-1.000000,1.000000,2021-12-28T00:00:00+00:00,2021-12-28T00:00:00+00:00,"Aggregated from stored representative examples, not full event ledger."
PATTERN_000582,IOVA,0,2,0,0.500000,2.500000,0.750000,1.000000,2021-12-09T00:00:00+00:00,2022-02-09T00:00:00+00:00,"Aggregated from stored representative examples, not full event ledger."
PATTERN_000582,MNDY,0,3,0,1.000000,7.500000,2.500000,0.000000,2021-12-22T00:00:00+00:00,2022-02-14T00:00:00+00:00,"Aggregated from stored representative examples, not full event ledger."
PATTERN_000583,ACMR,0,4,0,0.250000,0.357660,-0.337325,2.100600,2021-09-20T00:00:00+00:00,2021-10-14T00:00:00+00:00,"Aggregated from stored representative examples, not full event ledger."
PATTERN_000583,ALGM,0,1,0,0.000000,0.000000,-1.000000,1.000000,2021-10-01T00:00:00+00:00,2021-10-01T00:00:00+00:00,"Aggregated from stored representative examples, not full event ledger."
PATTERN_000583,CRDO,0,1,0,0.000000,0.000000,-1.000000,1.000000,2022-11-29T00:00:00+00:00,2022-11-29T00:00:00+00:00,"Aggregated from stored representative examples, not full event ledger."
PATTERN_000583,CROX,0,1,0,1.000000,2.500000,2.500000,0.000000,2021-12-06T00:00:00+00:00,2021-12-06T00:00:00+00:00,"Aggregated from stored representative examples, not full event ledger."
PATTERN_000583,IOVA,0,3,0,1.000000,5.573300,1.857767,0.000000,2021-10-06T00:00:00+00:00,2021-10-22T00:00:00+00:00,"Aggregated from stored representative examples, not full event ledger."
PATTERN_000583,NXT,0,1,0,1.000000,2.500000,2.500000,0.000000,2023-06-13T00:00:00+00:00,2023-06-13T00:00:00+00:00,"Aggregated from stored representative examples, not full event ledger."
PATTERN_000584,ACMR,0,2,0,0.500000,0.131300,-0.434350,1.000000,2022-01-05T00:00:00+00:00,2022-01-10T00:00:00+00:00,"Aggregated from stored representative examples, not full event ledger."
PATTERN_000584,AMBA,0,1,0,0.000000,0.000000,-1.000000,1.000000,2022-02-23T00:00:00+00:00,2022-02-23T00:00:00+00:00,"Aggregated from stored representative examples, not full event ledger."
PATTERN_000584,ARWR,0,2,0,0.000000,0.000000,-1.000000,2.000000,2021-08-24T00:00:00+00:00,2022-02-23T00:00:00+00:00,"Aggregated from stored representative examples, not full event ledger."
PATTERN_000584,BROS,0,1,0,1.000000,2.500000,2.500000,0.000000,2022-01-03T00:00:00+00:00,2022-01-03T00:00:00+00:00,"Aggregated from stored representative examples, not full event ledger."
PATTERN_000584,HIMS,0,2,0,1.000000,5.000000,2.500000,0.000000,2021-12-31T00:00:00+00:00,2022-01-10T00:00:00+00:00,"Aggregated from stored representative examples, not full event ledger."
PATTERN_000584,IOVA,0,1,0,1.000000,2.500000,2.500000,0.000000,2021-12-22T00:00:00+00:00,2021-12-22T00:00:00+00:00,"Aggregated from stored representative examples, not full event ledger."
PATTERN_000584,MNDY,0,2,0,1.000000,5.000000,2.500000,0.000000,2021-12-31T00:00:00+00:00,2022-02-17T00:00:00+00:00,"Aggregated from stored representative examples, not full event ledger."
PATTERN_000617,ACMR,0,4,0,0.000000,0.000000,-0.579600,2.318400,2021-09-15T00:00:00+00:00,2021-10-14T00:00:00+00:00,"Aggregated from stored representative examples, not full event ledger."
PATTERN_000617,AMBA,0,1,0,0.000000,0.000000,-1.000000,1.000000,2021-09-15T00:00:00+00:00,2021-09-15T00:00:00+00:00,"Aggregated from stored representative examples, not full event ledger."
PATTERN_000617,CRDO,0,1,0,1.000000,1.052400,1.052400,0.000000,2022-11-18T00:00:00+00:00,2022-11-18T00:00:00+00:00,"Aggregated from stored representative examples, not full event ledger."
PATTERN_000617,CROX,0,1,0,1.000000,2.500000,2.500000,0.000000,2021-12-06T00:00:00+00:00,2021-12-06T00:00:00+00:00,"Aggregated from stored representative examples, not full event ledger."
PATTERN_000617,DLO,0,1,0,1.000000,2.500000,2.500000,0.000000,2021-09-23T00:00:00+00:00,2021-09-23T00:00:00+00:00,"Aggregated from stored representative examples, not full event ledger."
PATTERN_000617,FUBO,0,2,0,1.000000,5.000000,2.500000,0.000000,2021-11-09T00:00:00+00:00,2021-11-17T00:00:00+00:00,"Aggregated from stored representative examples, not full event ledger."
PATTERN_000617,IOVA,0,1,0,1.000000,2.500000,2.500000,0.000000,2021-10-19T00:00:00+00:00,2021-10-19T00:00:00+00:00,"Aggregated from stored representative examples, not full event ledger."
PATTERN_000618,ACMR,0,3,0,0.000000,0.000000,-1.000000,3.000000,2021-08-27T00:00:00+00:00,2021-12-31T00:00:00+00:00,"Aggregated from stored representative examples, not full event ledger."
PATTERN_000618,AEO,0,1,0,1.000000,2.500000,2.500000,0.000000,2022-02-09T00:00:00+00:00,2022-02-09T00:00:00+00:00,"Aggregated from stored representative examples, not full event ledger."
PATTERN_000618,CARG,0,2,0,0.500000,2.500000,0.750000,1.000000,2022-02-09T00:00:00+00:00,2022-02-14T00:00:00+00:00,"Aggregated from stored representative examples, not full event ledger."
PATTERN_000618,IOVA,0,5,0,0.800000,10.000000,1.800000,1.000000,2021-09-07T00:00:00+00:00,2021-12-31T00:00:00+00:00,"Aggregated from stored representative examples, not full event ledger."
PATTERN_000619,ACMR,0,2,0,0.000000,0.000000,-1.000000,2.000000,2021-08-19T00:00:00+00:00,2022-02-23T00:00:00+00:00,"Aggregated from stored representative examples, not full event ledger."
PATTERN_000619,AMBA,0,1,0,0.000000,0.000000,-1.000000,1.000000,2022-02-04T00:00:00+00:00,2022-02-04T00:00:00+00:00,"Aggregated from stored representative examples, not full event ledger."
PATTERN_000619,FUBO,0,2,0,1.000000,5.000000,2.500000,0.000000,2021-11-01T00:00:00+00:00,2021-11-04T00:00:00+00:00,"Aggregated from stored representative examples, not full event ledger."
PATTERN_000619,HIMS,0,3,0,0.666667,5.000000,1.333333,1.000000,2021-11-01T00:00:00+00:00,2021-11-09T00:00:00+00:00,"Aggregated from stored representative examples, not full event ledger."
PATTERN_000619,IOVA,0,1,0,1.000000,2.500000,2.500000,0.000000,2022-02-14T00:00:00+00:00,2022-02-14T00:00:00+00:00,"Aggregated from stored representative examples, not full event ledger."
PATTERN_000620,AEO,0,2,0,0.000000,0.000000,-1.000000,2.000000,2021-08-19T00:00:00+00:00,2021-12-17T00:00:00+00:00,"Aggregated from stored representative examples, not full event ledger."
PATTERN_000620,ALGM,0,1,0,0.000000,0.000000,-1.000000,1.000000,2021-11-09T00:00:00+00:00,2021-11-09T00:00:00+00:00,"Aggregated from stored representative examples, not full event ledger."
PATTERN_000620,ARWR,0,2,0,0.000000,0.000000,-1.000000,2.000000,2021-10-19T00:00:00+00:00,2021-10-22T00:00:00+00:00,"Aggregated from stored representative examples, not full event ledger."
PATTERN_000620,INSP,0,1,0,0.000000,0.000000,-1.000000,1.000000,2021-12-28T00:00:00+00:00,2021-12-28T00:00:00+00:00,"Aggregated from stored representative examples, not full event ledger."
PATTERN_000620,LRN,0,4,0,1.000000,10.000000,2.500000,0.000000,2021-12-22T00:00:00+00:00,2022-01-05T00:00:00+00:00,"Aggregated from stored representative examples, not full event ledger."
PATTERN_000621,AAON,0,1,0,0.000000,0.000000,-1.000000,1.000000,2022-02-23T00:00:00+00:00,2022-02-23T00:00:00+00:00,"Aggregated from stored representative examples, not full event ledger."
PATTERN_000621,ACMR,0,2,0,0.000000,0.000000,-1.000000,2.000000,2021-08-24T00:00:00+00:00,2021-12-22T00:00:00+00:00,"Aggregated from stored representative examples, not full event ledger."
PATTERN_000621,AEO,0,2,0,1.000000,1.362100,0.681050,0.000000,2022-01-13T00:00:00+00:00,2022-01-27T00:00:00+00:00,"Aggregated from stored representative examples, not full event ledger."
PATTERN_000621,CARG,0,1,0,0.000000,0.000000,-1.000000,1.000000,2022-01-24T00:00:00+00:00,2022-01-24T00:00:00+00:00,"Aggregated from stored representative examples, not full event ledger."
PATTERN_000621,ENPH,0,1,0,1.000000,0.189500,0.189500,0.000000,2022-01-10T00:00:00+00:00,2022-01-10T00:00:00+00:00,"Aggregated from stored representative examples, not full event ledger."
PATTERN_000621,GH,0,2,0,1.000000,5.000000,2.500000,0.000000,2021-11-09T00:00:00+00:00,2021-11-17T00:00:00+00:00,"Aggregated from stored representative examples, not full event ledger."
PATTERN_000621,IOVA,0,2,0,1.000000,5.000000,2.500000,0.000000,2022-02-09T00:00:00+00:00,2022-02-17T00:00:00+00:00,"Aggregated from stored representative examples, not full event ledger."
PATTERN_000622,BROS,0,3,0,0.000000,0.000000,-1.000000,3.000000,2021-12-15T00:00:00+00:00,2022-05-12T00:00:00+00:00,"Aggregated from stored representative examples, not full event ledger."
PATTERN_000622,CROX,0,2,0,1.000000,5.000000,2.500000,0.000000,2021-12-22T00:00:00+00:00,2021-12-28T00:00:00+00:00,"Aggregated from stored representative examples, not full event ledger."
PATTERN_000622,ENPH,0,4,0,1.000000,10.000000,2.500000,0.000000,2021-12-22T00:00:00+00:00,2022-01-05T00:00:00+00:00,"Aggregated from stored representative examples, not full event ledger."
PATTERN_000622,FUBO,0,1,0,1.000000,1.912800,1.912800,0.000000,2021-12-09T00:00:00+00:00,2021-12-09T00:00:00+00:00,"Aggregated from stored representative examples, not full event ledger."
